timestamp,humidity,soil,temperature,cooler,dehumid,heater,humid,light,pump
2025-12-12 17:54:34,44.99,4.46,33.28,1,1,0,0,1,0
2025-12-12 17:54:39,44.99,4.46,33.28,1,1,0,0,1,0
2025-12-12 17:54:44,44.99,4.46,33.28,1,1,0,0,1,0
2025-12-12 17:54:49,44.99,4.46,33.28,1,1,0,0,1,0
2025-12-12 17:54:54,44.99,4.46,33.28,1,1,0,0,1,0
2025-12-12 17:54:59,44.99,4.46,33.28,1,1,0,0,1,0
2025-12-12 17:55:04,44.99,4.46,33.28,1,1,0,0,1,0
2025-12-12 17:55:09,44.99,4.46,33.28,1,1,0,0,1,0
2025-12-12 17:55:14,44.71,4.61,33.23,1,1,0,0,1,1
2025-12-12 17:55:19,44.71,4.61,33.23,1,1,0,0,1,1
2025-12-12 17:55:24,44.71,4.61,33.23,1,1,0,0,1,1
2025-12-12 17:55:29,44.71,4.61,33.23,1,1,0,0,1,1
2025-12-12 17:55:34,44.71,4.61,33.23,1,1,0,0,1,1
2025-12-12 17:55:39,44.71,4.61,33.23,1,1,0,0,1,1
2025-12-12 17:55:44,44.71,4.61,33.23,1,1,0,0,1,1
2025-12-12 17:55:49,44.71,4.61,33.23,1,1,0,0,1,1
2025-12-12 17:55:54,44.71,4.61,33.23,1,1,0,0,1,1
2025-12-12 17:55:59,44.71,4.61,33.23,1,1,0,0,1,1
2025-12-12 17:56:04,44.71,4.61,33.23,1,1,0,0,1,1
2025-12-12 17:56:09,44.71,4.61,33.23,1,1,0,0,1,1
2025-12-12 17:56:14,45.31,4.56,33.2,1,1,0,0,1,1
2025-12-12 17:56:19,45.31,4.56,33.2,1,1,0,0,1,1
2025-12-12 17:56:24,45.31,4.56,33.2,1,1,0,0,1,1
2025-12-12 17:56:29,45.31,4.56,33.2,1,1,0,0,1,1
2025-12-12 17:56:34,45.31,4.56,33.2,1,1,0,0,1,1
2025-12-12 17:56:39,45.31,4.56,33.2,1,1,0,0,1,1
2025-12-12 17:56:44,45.31,4.56,33.2,1,1,0,0,1,1
2025-12-12 17:56:49,45.31,4.56,33.2,1,1,0,0,1,1
2025-12-12 17:56:54,45.31,4.56,33.2,1,1,0,0,1,1
2025-12-12 17:56:59,45.31,4.56,33.2,1,1,0,0,1,1
2025-12-12 17:57:04,45.31,4.56,33.2,1,1,0,0,1,1
2025-12-12 17:57:09,45.31,4.56,33.2,1,1,0,0,1,1
2025-12-12 17:57:14,45.22,4.29,33.19,1,1,0,0,1,1
2025-12-12 17:57:19,45.22,4.29,33.19,1,1,0,0,1,0
2025-12-12 17:57:24,45.22,4.29,33.19,1,1,0,0,1,0
2025-12-12 17:57:29,45.22,4.29,33.19,1,1,0,0,1,0
2025-12-12 17:57:35,45.22,4.29,33.19,1,1,0,0,1,0
2025-12-12 17:57:39,45.22,4.29,33.19,1,1,0,0,1,0
2025-12-12 17:57:44,45.22,4.29,33.19,1,1,0,0,1,0
2025-12-12 17:57:49,45.22,4.29,33.19,1,1,0,0,1,0
2025-12-12 17:57:54,45.22,4.29,33.19,1,1,0,0,1,0
2025-12-12 17:57:59,45.22,4.29,33.19,1,1,0,0,1,0
2025-12-12 17:58:04,45.22,4.29,33.19,1,1,0,0,1,0
2025-12-12 17:58:09,45.22,4.29,33.19,1,1,0,0,1,0
2025-12-12 17:58:16,45.22,4.29,33.19,1,1,0,0,1,0
2025-12-12 17:58:21,45.45,4.34,33.21,1,1,0,0,1,0
2025-12-12 17:58:24,45.45,4.34,33.21,1,1,0,0,1,0
2025-12-12 17:58:29,45.45,4.34,33.21,1,1,0,0,1,0
2025-12-12 17:58:34,45.45,4.34,33.21,1,1,0,0,1,0
2025-12-12 17:58:39,45.45,4.34,33.21,1,1,0,0,1,0
2025-12-12 17:58:44,45.45,4.34,33.21,1,1,0,0,1,0
2025-12-12 17:58:49,45.45,4.34,33.21,1,1,0,0,1,0
2025-12-12 17:58:54,45.45,4.34,33.21,1,1,0,0,1,0
2025-12-12 17:58:59,45.45,4.34,33.21,1,1,0,0,1,0
2025-12-12 17:59:04,45.45,4.34,33.21,1,1,0,0,1,0
2025-12-12 17:59:09,45.45,4.34,33.21,1,1,0,0,1,0
2025-12-12 17:59:14,45.45,4.34,33.21,1,1,0,0,1,0
2025-12-12 17:59:19,45.33,4.59,33.2,1,1,0,0,1,0
2025-12-12 17:59:24,45.33,4.59,33.2,1,1,0,0,1,0
2025-12-12 17:59:29,45.33,4.59,33.2,1,1,0,0,1,0
2025-12-12 17:59:34,45.33,4.59,33.2,1,1,0,0,1,0
2025-12-12 17:59:39,45.33,4.59,33.2,1,1,0,0,1,0
2025-12-12 17:59:44,45.33,4.59,33.2,1,1,0,0,1,0
2025-12-12 17:59:49,45.33,4.59,33.2,1,1,0,0,1,0
2025-12-12 17:59:54,45.33,4.59,33.2,1,1,0,0,1,0
2025-12-12 17:59:59,45.33,4.59,33.2,1,1,0,0,1,0
2025-12-12 18:00:04,45.33,4.59,33.2,1,1,0,0,1,0
2025-12-12 18:00:09,45.33,4.59,33.2,1,1,0,0,1,0
2025-12-12 18:00:14,45.33,4.59,33.2,1,1,0,0,1,0
2025-12-12 18:00:19,45.33,4.59,33.2,1,1,0,0,1,0
2025-12-12 18:00:24,45.47,4.29,33.2,1,1,0,0,1,0
2025-12-12 18:00:29,45.47,4.29,33.2,1,1,0,0,1,0
2025-12-12 18:00:34,45.47,4.29,33.2,1,1,0,0,1,0
2025-12-12 18:00:39,45.47,4.29,33.2,1,1,0,0,1,0
2025-12-12 18:00:44,45.47,4.29,33.2,1,1,0,0,1,0
2025-12-12 18:00:54,45.47,4.29,33.2,1,1,0,0,1,0
2025-12-12 18:00:55,45.47,4.29,33.2,1,1,0,0,1,0
2025-12-12 18:00:59,45.47,4.29,33.2,1,1,0,0,1,0
2025-12-12 18:01:04,45.47,4.29,33.2,1,1,0,0,1,0
2025-12-12 18:01:09,45.47,4.29,33.2,1,1,0,0,1,0
2025-12-12 18:01:14,45.47,4.29,33.2,1,1,0,0,1,0
2025-12-12 18:01:19,45.47,4.29,33.2,1,1,0,0,1,0
2025-12-12 18:01:24,45.69,4.37,33.15,1,1,0,0,1,0
2025-12-12 18:01:29,45.69,4.37,33.15,1,1,0,0,1,0
2025-12-12 18:01:34,45.69,4.37,33.15,1,1,0,0,1,0
2025-12-12 18:01:39,45.69,4.37,33.15,1,1,0,0,1,0
2025-12-12 18:01:44,45.69,4.37,33.15,1,1,0,0,1,0
2025-12-12 18:01:49,45.69,4.37,33.15,1,1,0,0,1,0
2025-12-12 18:01:54,45.69,4.37,33.15,1,1,0,0,1,0
2025-12-12 18:01:59,45.69,4.37,33.15,1,1,0,0,1,0
2025-12-12 18:02:04,45.69,4.37,33.15,1,1,0,0,1,0
2025-12-12 18:02:09,45.69,4.37,33.15,1,1,0,0,1,0
2025-12-12 18:02:14,45.69,4.37,33.15,1,1,0,0,1,0
2025-12-12 18:02:20,45.69,4.37,33.15,1,1,0,0,1,0
2025-12-12 18:02:24,45.4,4.37,33.16,1,1,0,0,1,0
2025-12-12 18:02:29,45.4,4.27,33.16,1,1,0,0,1,1
2025-12-12 18:02:34,45.4,4.27,33.16,1,1,0,0,1,1
2025-12-12 18:02:40,45.4,4.27,33.16,1,1,0,0,1,1
2025-12-12 18:02:44,45.4,4.27,33.16,1,1,0,0,1,1
2025-12-12 18:02:49,45.4,4.27,33.16,1,1,0,0,1,1
2025-12-12 18:02:54,45.4,4.27,33.16,1,1,0,0,1,1
2025-12-12 18:02:59,45.4,4.27,33.16,1,1,0,0,1,1
2025-12-12 18:03:04,45.4,4.27,33.16,1,1,0,0,1,1
2025-12-12 18:03:09,45.4,4.27,33.16,1,1,0,0,1,1
2025-12-12 18:03:14,45.4,4.27,33.16,1,1,0,0,1,1
2025-12-12 18:03:21,45.4,4.27,33.16,1,1,0,0,1,1
2025-12-12 18:03:24,45.4,4.27,33.16,1,1,0,0,1,1
2025-12-12 18:03:29,45.72,4.29,33.14,1,1,0,0,1,1
2025-12-12 18:03:34,45.72,4.29,33.14,1,1,0,0,1,1
2025-12-12 18:03:40,45.72,4.29,33.14,1,1,0,0,1,1
2025-12-12 18:03:45,45.72,4.29,33.14,1,1,0,0,1,1
2025-12-12 18:03:49,45.72,4.29,33.14,1,1,0,0,1,1
2025-12-12 18:03:54,45.72,4.29,33.14,1,1,0,0,1,1
2025-12-12 18:03:59,45.72,4.29,33.14,1,1,0,0,1,1
2025-12-12 18:04:04,45.72,4.29,33.14,1,1,0,0,1,1
2025-12-12 18:04:09,45.72,4.29,33.14,1,1,0,0,1,1
2025-12-12 18:04:14,45.72,4.29,33.14,1,1,0,0,1,1
2025-12-12 18:04:19,45.72,4.29,33.14,1,1,0,0,1,1
2025-12-12 18:04:24,45.72,4.29,33.14,1,1,0,0,1,1
2025-12-12 18:04:29,45.84,4.29,33.13,1,1,0,0,1,0
2025-12-12 18:04:34,45.84,4.29,33.13,1,1,0,0,1,0
2025-12-12 18:04:39,45.84,4.29,33.13,1,1,0,0,1,0
2025-12-12 18:04:44,45.84,4.29,33.13,1,1,0,0,1,0
2025-12-12 18:04:49,45.84,4.29,33.13,1,1,0,0,1,0
2025-12-12 18:04:54,45.84,4.29,33.13,1,1,0,0,1,0
2025-12-12 18:04:59,45.84,4.29,33.13,1,1,0,0,1,0
2025-12-12 18:05:04,45.84,4.29,33.13,1,1,0,0,1,0
2025-12-12 18:05:09,45.84,4.29,33.13,1,1,0,0,1,0
2025-12-12 18:05:14,45.84,4.29,33.13,1,1,0,0,1,0
2025-12-12 18:05:19,45.84,4.29,33.13,1,1,0,0,1,0
2025-12-12 18:05:24,45.84,4.29,33.13,1,1,0,0,1,0
2025-12-12 18:05:29,45.84,4.29,33.13,1,1,0,0,1,0
2025-12-12 18:05:34,45.57,4.29,33.14,1,1,0,0,1,0
2025-12-12 18:05:39,45.57,4.29,33.14,1,1,0,0,1,0
2025-12-12 18:05:44,45.57,4.29,33.14,1,1,0,0,1,0
2025-12-12 18:05:49,45.57,4.29,33.14,1,1,0,0,1,0
2025-12-12 18:05:54,45.57,4.29,33.14,1,1,0,0,1,0
2025-12-12 18:05:59,45.57,4.29,33.14,1,1,0,0,1,0
2025-12-12 18:06:04,45.57,4.29,33.14,1,1,0,0,1,0
2025-12-12 18:06:10,45.57,4.29,33.14,1,1,0,0,1,0
2025-12-12 18:06:14,45.57,4.29,33.14,1,1,0,0,1,0
2025-12-12 18:06:19,45.57,4.29,33.14,1,1,0,0,1,0
2025-12-12 18:06:24,45.57,4.29,33.14,1,1,0,0,1,0
2025-12-12 18:06:29,45.57,4.29,33.14,1,1,0,0,1,0
2025-12-12 18:06:34,45.87,4.24,33.12,1,1,0,0,1,0
2025-12-12 18:06:39,45.87,4.24,33.12,1,1,0,0,1,0
2025-12-12 18:06:44,45.87,4.24,33.12,1,1,0,0,1,0
2025-12-12 18:06:49,45.87,4.24,33.12,1,1,0,0,1,0
2025-12-12 18:06:54,45.87,4.24,33.12,1,1,0,0,1,0
2025-12-12 18:06:59,45.87,4.24,33.12,1,1,0,0,1,0
2025-12-12 18:07:04,45.87,4.24,33.12,1,1,0,0,1,0
2025-12-12 18:07:09,45.87,4.24,33.12,1,1,0,0,1,0
2025-12-12 18:07:14,45.87,4.24,33.12,1,1,0,0,1,0
2025-12-12 18:07:19,45.87,4.24,33.12,1,1,0,0,1,0
2025-12-12 18:07:24,45.87,4.24,33.12,1,1,0,0,1,0
2025-12-12 18:07:29,45.87,4.24,33.12,1,1,0,0,1,0
2025-12-12 18:07:34,45.87,4.24,33.1,1,1,0,0,1,0
2025-12-12 18:07:39,45.86,4.56,33.1,1,1,0,0,1,0
2025-12-12 18:07:44,45.86,4.56,33.1,1,1,0,0,1,0
2025-12-12 18:07:49,45.86,4.56,33.1,1,1,0,0,1,0
2025-12-12 18:07:54,45.86,4.56,33.1,1,1,0,0,1,0
2025-12-12 18:07:59,45.86,4.56,33.1,1,1,0,0,1,0
2025-12-12 18:08:04,45.86,4.56,33.1,1,1,0,0,1,0
2025-12-12 18:08:09,45.86,4.56,33.1,1,1,0,0,1,0
2025-12-12 18:08:14,45.86,4.56,33.1,1,1,0,0,1,0
2025-12-12 18:08:19,45.86,4.56,33.1,1,1,0,0,1,0
2025-12-12 18:08:24,45.86,4.56,33.1,1,1,0,0,1,0
2025-12-12 18:08:30,45.86,4.56,33.1,1,1,0,0,1,0
2025-12-12 18:08:34,45.86,4.56,33.1,1,1,0,0,1,0
2025-12-12 18:08:39,45.66,4.54,33.1,1,1,0,0,1,1
2025-12-12 18:08:44,45.66,4.54,33.1,1,1,0,0,1,1
2025-12-12 18:08:49,45.66,4.54,33.1,1,1,0,0,1,1
2025-12-12 18:08:54,45.66,4.54,33.1,1,1,0,0,1,1
2025-12-12 18:08:59,45.66,4.54,33.1,1,1,0,0,1,1
2025-12-12 18:09:04,45.66,4.54,33.1,1,1,0,0,1,1
2025-12-12 18:09:09,45.66,4.54,33.1,1,1,0,0,1,1
2025-12-12 18:09:14,45.66,4.54,33.1,1,1,0,0,1,1
2025-12-12 18:09:19,45.66,4.54,33.1,1,1,0,0,1,1
2025-12-12 18:09:24,45.66,4.54,33.1,1,1,0,0,1,1
2025-12-12 18:09:29,45.66,4.54,33.1,1,1,0,0,1,1
2025-12-12 18:09:34,45.66,4.54,33.1,1,1,0,0,1,1
2025-12-12 18:09:39,45.73,4.61,33.1,1,1,0,0,1,1
2025-12-12 18:09:44,45.73,4.61,33.1,1,1,0,0,1,1
2025-12-12 18:09:49,45.73,4.61,33.1,1,1,0,0,1,1
2025-12-12 18:09:54,45.73,4.61,33.1,1,1,0,0,1,1
2025-12-12 18:09:59,45.73,4.61,33.1,1,1,0,0,1,1
2025-12-12 18:10:04,45.73,4.61,33.1,1,1,0,0,1,1
2025-12-12 18:10:11,45.73,4.61,33.1,1,1,0,0,1,1
2025-12-12 18:10:17,45.73,4.61,33.1,1,1,0,0,1,1
2025-12-12 18:10:19,45.73,4.61,33.1,1,1,0,0,1,1
2025-12-12 18:10:24,45.73,4.61,33.1,1,1,0,0,1,1
2025-12-12 18:10:29,45.73,4.61,33.1,1,1,0,0,1,1
2025-12-12 18:10:34,45.73,4.61,33.1,1,1,0,0,1,1
2025-12-12 18:10:39,45.73,4.61,33.1,1,1,0,0,1,1
2025-12-12 18:10:44,45.99,4.34,33.09,1,1,0,0,1,0
2025-12-12 18:10:49,45.99,4.34,33.09,1,1,0,0,1,0
2025-12-12 18:10:54,45.99,4.34,33.09,1,1,0,0,1,0
2025-12-12 18:10:59,45.99,4.34,33.09,1,1,0,0,1,0
2025-12-12 18:11:05,45.99,4.34,33.09,1,1,0,0,1,0
2025-12-12 18:11:09,45.99,4.34,33.09,1,1,0,0,1,0
2025-12-12 18:11:14,45.99,4.34,33.09,1,1,0,0,1,0
2025-12-12 18:11:19,45.99,4.34,33.09,1,1,0,0,1,0
2025-12-12 18:11:24,45.99,4.34,33.09,1,1,0,0,1,0
2025-12-12 18:11:29,45.99,4.34,33.09,1,1,0,0,1,0
2025-12-12 18:11:34,45.99,4.34,33.09,1,1,0,0,1,0
2025-12-12 18:11:39,45.99,4.34,33.09,1,1,0,0,1,0
2025-12-12 18:11:44,45.94,4.44,33.06,1,1,0,0,1,0
2025-12-12 18:11:49,45.94,4.44,33.06,1,1,0,0,1,0
2025-12-12 18:11:54,45.94,4.44,33.06,1,1,0,0,1,0
2025-12-12 18:11:59,45.94,4.44,33.06,1,1,0,0,1,0
2025-12-12 18:12:04,45.94,4.44,33.06,1,1,0,0,1,0
2025-12-12 18:12:09,45.94,4.44,33.06,1,1,0,0,1,0
2025-12-12 18:12:14,45.94,4.44,33.06,1,1,0,0,1,0
2025-12-12 18:12:19,45.94,4.44,33.06,1,1,0,0,1,0
2025-12-12 18:12:24,45.94,4.44,33.06,1,1,0,0,1,0
2025-12-12 18:12:29,45.94,4.44,33.06,1,1,0,0,1,0
2025-12-12 18:12:34,45.94,4.44,33.06,1,1,0,0,1,0
2025-12-12 18:12:39,45.94,4.44,33.06,1,1,0,0,1,0
2025-12-12 18:12:44,45.94,4.44,33.06,1,1,0,0,1,0
2025-12-12 18:12:49,46.04,4.54,33.03,1,1,0,0,1,0
2025-12-12 18:12:54,46.04,4.54,33.03,1,1,0,0,1,0
2025-12-12 18:12:59,46.04,4.54,33.03,1,1,0,0,1,0
2025-12-12 18:13:04,46.04,4.54,33.03,1,1,0,0,1,0
2025-12-12 18:13:09,46.04,4.54,33.03,1,1,0,0,1,0
2025-12-12 18:13:14,46.04,4.54,33.03,1,1,0,0,1,0
2025-12-12 18:13:19,46.04,4.54,33.03,1,1,0,0,1,0
2025-12-12 18:13:24,46.04,4.54,33.03,1,1,0,0,1,0
2025-12-12 18:13:29,46.04,4.54,33.03,1,1,0,0,1,0
2025-12-12 18:13:35,46.04,4.54,33.03,1,1,0,0,1,0
2025-12-12 18:13:39,46.04,4.54,33.03,1,1,0,0,1,0
2025-12-12 18:13:44,46.04,4.54,33.03,1,1,0,0,1,0
2025-12-12 18:13:49,46.16,4.27,33.05,1,1,0,0,1,0
2025-12-12 18:13:54,46.16,4.27,33.05,1,1,0,0,1,0
2025-12-12 18:14:00,46.16,4.27,33.05,1,1,0,0,1,0
2025-12-12 18:14:05,46.16,4.27,33.05,1,1,0,0,1,0
2025-12-12 18:14:10,46.16,4.27,33.05,1,1,0,0,1,0
2025-12-12 18:14:14,46.16,4.27,33.05,1,1,0,0,1,0
2025-12-12 18:14:19,46.16,4.27,33.05,1,1,0,0,1,0
2025-12-12 18:14:25,46.16,4.27,33.05,1,1,0,0,1,0
2025-12-12 18:14:30,46.16,4.27,33.05,1,1,0,0,1,0
2025-12-12 18:14:35,46.16,4.27,33.05,1,1,0,0,1,0
2025-12-12 18:14:40,46.16,4.27,33.05,1,1,0,0,1,0
2025-12-12 18:14:45,46.16,4.27,33.05,1,1,0,0,1,0
2025-12-12 18:14:50,46.23,4.34,33.04,1,1,0,0,1,0
2025-12-12 18:14:55,46.23,4.34,33.04,1,1,0,0,1,0
2025-12-12 18:15:00,46.23,4.34,33.04,1,1,0,0,1,0
2025-12-12 18:15:05,46.23,4.34,33.04,1,1,0,0,1,0
2025-12-12 18:15:10,46.23,4.34,33.04,1,1,0,0,1,0
2025-12-12 18:15:15,46.23,4.34,33.04,1,1,0,0,1,0
2025-12-12 18:15:20,46.23,4.34,33.04,1,1,0,0,1,0
2025-12-12 18:15:25,46.23,4.34,33.04,1,1,0,0,1,0
2025-12-12 18:15:30,46.23,4.34,33.04,1,1,0,0,1,0
2025-12-12 18:15:35,46.23,4.34,33.04,1,1,0,0,1,0
2025-12-12 18:15:40,46.23,4.34,33.04,1,1,0,0,1,0
2025-12-12 18:15:45,46.23,4.34,33.04,1,1,0,0,1,0
2025-12-12 18:15:50,46.23,4.34,33.04,1,1,0,0,1,0
2025-12-12 18:15:55,46.52,4.44,33.01,1,1,0,0,1,1
2025-12-12 18:16:00,46.52,4.44,33.01,1,1,0,0,1,1
2025-12-12 18:16:05,46.52,4.44,33.01,1,1,0,0,1,1
2025-12-12 18:16:10,46.52,4.44,33.01,1,1,0,0,1,1
2025-12-12 18:16:15,46.52,4.44,33.01,1,1,0,0,1,1
2025-12-12 18:16:20,46.52,4.44,33.01,1,1,0,0,1,1
2025-12-12 18:16:25,46.52,4.44,33.01,1,1,0,0,1,1
2025-12-12 18:16:30,46.52,4.44,33.01,1,1,0,0,1,1
2025-12-12 18:16:35,46.52,4.44,33.01,1,1,0,0,1,1
2025-12-12 18:16:40,46.52,4.44,33.01,1,1,0,0,1,1
2025-12-12 18:16:45,46.52,4.44,33.01,1,1,0,0,1,1
2025-12-12 18:16:50,46.52,4.44,33.01,1,1,0,0,1,1
2025-12-12 18:16:55,46.23,4.46,33.01,1,1,0,0,1,1
2025-12-12 18:17:00,46.23,4.46,33.01,1,1,0,0,1,1
2025-12-12 18:17:05,46.23,4.46,33.01,1,1,0,0,1,1
2025-12-12 18:17:10,46.23,4.46,33.01,1,1,0,0,1,1
2025-12-12 18:17:15,46.23,4.46,33.01,1,1,0,0,1,1
2025-12-12 18:17:20,46.23,4.46,33.01,1,1,0,0,1,1
2025-12-12 18:17:25,46.23,4.46,33.01,1,1,0,0,1,1
2025-12-12 18:17:30,46.23,4.46,33.01,1,1,0,0,1,1
2025-12-12 18:17:35,46.23,4.46,33.01,1,1,0,0,1,1
2025-12-12 18:17:40,46.23,4.46,33.01,1,1,0,0,1,1
2025-12-12 18:17:45,46.23,4.46,33.01,1,1,0,0,1,1
2025-12-12 18:17:50,46.23,4.46,33.01,1,1,0,0,1,1
2025-12-12 18:17:55,46.23,4.46,33.01,1,1,0,0,1,1
2025-12-12 18:18:00,46.34,4.56,33.01,1,1,0,0,1,0
2025-12-12 18:18:05,46.34,4.56,33.01,1,1,0,0,1,0
2025-12-12 18:18:10,46.34,4.56,33.01,1,1,0,0,1,0
2025-12-12 18:18:15,46.34,4.56,33.01,1,1,0,0,1,0
2025-12-12 18:18:20,46.34,4.56,33.01,1,1,0,0,1,0
2025-12-12 18:18:25,46.34,4.56,33.01,1,1,0,0,1,0
2025-12-12 18:18:30,46.34,4.56,33.01,1,1,0,0,1,0
2025-12-12 18:18:35,46.34,4.56,33.01,1,1,0,0,1,0
2025-12-12 18:18:40,46.34,4.56,33.01,1,1,0,0,1,0
2025-12-12 18:18:45,46.34,4.56,33.01,1,1,0,0,1,0
2025-12-12 18:18:50,46.34,4.56,33.01,1,1,0,0,1,0
2025-12-12 18:18:55,46.34,4.56,33.01,1,1,0,0,1,0
2025-12-12 18:19:00,46.42,4.59,32.98,1,1,0,0,1,0
2025-12-12 18:19:05,46.42,4.59,32.98,1,1,0,0,1,0
2025-12-12 18:19:10,46.42,4.59,32.98,1,1,0,0,1,0
2025-12-12 18:19:15,46.42,4.59,32.98,1,1,0,0,1,0
2025-12-12 18:19:20,46.42,4.59,32.98,1,1,0,0,1,0
2025-12-12 18:19:25,46.42,4.59,32.98,1,1,0,0,1,0
2025-12-12 18:19:30,46.42,4.59,32.98,1,1,0,0,1,0
2025-12-12 18:19:35,46.42,4.59,32.98,1,1,0,0,1,0
2025-12-12 18:19:40,46.42,4.59,32.98,1,1,0,0,1,0
2025-12-12 18:19:45,46.42,4.59,32.98,1,1,0,0,1,0
2025-12-12 18:19:50,46.42,4.59,32.98,1,1,0,0,1,0
2025-12-12 18:19:55,46.42,4.59,32.98,1,1,0,0,1,0
2025-12-12 18:20:00,46.42,4.59,32.98,1,1,0,0,1,0
2025-12-12 18:20:05,46.42,4.59,32.98,1,1,0,0,1,0
2025-12-12 18:20:10,46.42,4.59,32.98,1,1,0,0,1,0
2025-12-12 18:20:15,46.42,4.59,32.98,1,1,0,0,1,0
2025-12-12 18:20:20,46.42,4.59,32.98,1,1,0,0,1,0
2025-12-12 18:20:25,46.42,4.59,32.98,1,1,0,0,1,0
2025-12-12 18:20:30,46.42,4.59,32.98,1,1,0,0,1,0
2025-12-12 18:20:35,46.42,4.59,32.98,1,1,0,0,1,0
2025-12-12 18:20:40,46.42,4.59,32.98,1,1,0,0,1,0
2025-12-12 18:20:45,46.42,4.59,32.98,1,1,0,0,1,0
2025-12-12 18:20:50,47.35,4.59,32.95,1,1,0,0,1,1
2025-12-12 18:20:55,47.35,4.59,32.95,1,1,0,0,1,1
2025-12-12 18:21:00,47.35,4.59,32.95,1,1,0,0,1,1
2025-12-12 18:21:05,47.35,4.59,32.95,1,1,0,0,1,1
2025-12-12 18:21:10,47.35,4.59,32.95,1,1,0,0,1,1
2025-12-12 18:21:15,47.35,4.59,32.95,1,1,0,0,1,1
2025-12-12 18:21:20,47.35,4.59,32.95,1,1,0,0,1,1
2025-12-12 18:21:25,47.35,4.59,32.95,1,1,0,0,1,1
2025-12-12 18:21:30,47.35,4.59,32.95,1,1,0,0,1,1
2025-12-12 18:21:35,47.35,4.59,32.95,1,1,0,0,1,1
2025-12-12 18:21:40,47.35,4.59,32.95,1,1,0,0,1,1
2025-12-12 18:21:45,47.35,4.59,32.95,1,1,0,0,1,1
2025-12-12 18:21:50,46.67,4.32,32.93,1,1,0,0,1,1
2025-12-12 18:21:55,46.67,4.32,32.93,1,1,0,0,1,1
2025-12-12 18:22:00,46.67,4.32,32.93,1,1,0,0,1,1
2025-12-12 18:22:05,46.67,4.32,32.93,1,1,0,0,1,1
2025-12-12 18:22:10,46.67,4.32,32.93,1,1,0,0,1,1
2025-12-12 18:22:15,46.67,4.32,32.93,1,1,0,0,1,1
2025-12-12 18:22:20,46.67,4.32,32.93,1,1,0,0,1,1
2025-12-12 18:22:25,46.67,4.32,32.93,1,1,0,0,1,1
2025-12-12 18:22:30,46.67,4.32,32.93,1,1,0,0,1,1
2025-12-12 18:22:35,46.67,4.32,32.93,1,1,0,0,1,1
2025-12-12 18:22:40,46.67,4.32,32.93,1,1,0,0,1,1
2025-12-12 18:22:45,46.67,4.32,32.93,1,1,0,0,1,1
2025-12-12 18:22:50,46.67,4.32,32.93,1,1,0,0,1,1
2025-12-12 18:22:55,46.9,4.61,32.91,1,1,0,0,1,0
2025-12-12 18:23:00,46.9,4.61,32.91,1,1,0,0,1,0
2025-12-12 18:23:05,46.9,4.61,32.91,1,1,0,0,1,0
2025-12-12 18:23:10,46.9,4.61,32.91,1,1,0,0,1,0
2025-12-12 18:23:15,46.9,4.61,32.91,1,1,0,0,1,0
2025-12-12 18:23:20,46.9,4.61,32.91,1,1,0,0,1,0
2025-12-12 18:23:25,46.9,4.61,32.91,1,1,0,0,1,0
2025-12-12 18:23:30,46.9,4.61,32.91,1,1,0,0,1,0
2025-12-12 18:23:35,46.9,4.61,32.91,1,1,0,0,1,0
2025-12-12 18:23:40,46.9,4.61,32.91,1,1,0,0,1,0
2025-12-12 18:23:45,46.9,4.61,32.91,1,1,0,0,1,0
2025-12-12 18:23:50,46.9,4.61,32.91,1,1,0,0,1,0
2025-12-12 18:23:55,47.29,4.39,32.91,1,1,0,0,1,0
2025-12-12 18:24:00,47.29,4.39,32.91,1,1,0,0,1,0
2025-12-12 18:24:05,47.29,4.39,32.91,1,1,0,0,1,0
2025-12-12 18:24:10,47.29,4.39,32.91,1,1,0,0,1,0
2025-12-12 18:24:15,47.29,4.39,32.91,1,1,0,0,1,0
2025-12-12 18:24:20,47.29,4.39,32.91,1,1,0,0,1,0
2025-12-12 18:24:25,47.29,4.39,32.91,1,1,0,0,1,0
2025-12-12 18:24:30,47.29,4.39,32.91,1,1,0,0,1,0
2025-12-12 18:24:35,47.29,4.39,32.91,1,1,0,0,1,0
2025-12-12 18:24:40,47.29,4.39,32.91,1,1,0,0,1,0
2025-12-12 18:24:45,47.29,4.39,32.91,1,1,0,0,1,0
2025-12-12 18:24:50,47.29,4.39,32.91,1,1,0,0,1,0
2025-12-12 18:24:55,47.29,4.39,32.91,1,1,0,0,1,0
2025-12-12 18:25:00,47.29,4.39,32.91,1,1,0,0,1,0
2025-12-12 18:25:05,47.29,4.39,32.91,1,1,0,0,1,0
2025-12-12 18:25:10,47.29,4.39,32.91,1,1,0,0,1,0
2025-12-12 18:25:15,47.29,4.39,32.91,1,1,0,0,1,0
2025-12-12 18:34:22,47.29,4.39,32.91,1,1,0,0,1,0
2025-12-12 18:34:27,47.29,4.39,32.91,1,1,0,0,1,0
2025-12-12 18:34:32,47.29,4.39,32.91,1,1,0,0,1,0
2025-12-12 18:34:37,47.29,4.39,32.91,1,1,0,0,1,0
2025-12-12 18:34:42,47.29,4.39,32.91,1,1,0,0,1,0
2025-12-12 18:34:47,47.29,4.39,32.91,1,1,0,0,1,0
2025-12-12 18:34:52,47.29,4.39,32.91,1,1,0,0,1,0
2025-12-12 18:34:57,47.29,4.39,32.91,1,1,0,0,1,0
2025-12-12 18:35:02,47.29,4.39,32.91,1,1,0,0,1,0
2025-12-12 18:35:07,47.29,4.39,32.91,1,1,0,0,1,0
2025-12-12 18:35:12,47.29,4.39,32.91,1,1,0,0,1,0
2025-12-12 18:35:17,47.29,4.39,32.91,1,1,0,0,1,0
2025-12-12 18:35:22,47.29,4.39,32.91,1,1,0,0,1,0
2025-12-12 18:35:27,47.29,4.39,32.91,1,1,0,0,1,0
2025-12-12 18:35:32,47.29,4.39,32.91,1,1,0,0,1,0
2025-12-12 18:35:37,47.29,4.39,32.91,1,1,0,0,1,0
2025-12-12 18:35:42,47.29,4.39,32.91,1,1,0,0,1,0
2025-12-12 18:35:47,47.29,4.39,32.91,1,1,0,0,1,0
2025-12-12 18:35:52,47.29,4.39,32.91,1,1,0,0,1,0
2025-12-12 18:35:57,47.29,4.39,32.91,1,1,0,0,1,0
2025-12-12 18:36:02,47.29,4.39,32.91,1,1,0,0,1,0
2025-12-12 18:36:07,47.29,4.39,32.91,1,1,0,0,1,0
2025-12-12 18:36:12,47.29,4.39,32.91,1,1,0,0,1,0
2025-12-12 18:36:17,47.29,4.39,32.91,1,1,0,0,1,0
2025-12-12 18:36:22,47.29,4.39,32.91,1,1,0,0,1,0
2025-12-12 18:36:27,47.29,4.39,32.91,1,1,0,0,1,0
2025-12-12 18:36:32,47.29,4.39,32.91,1,1,0,0,1,0
2025-12-12 18:36:37,47.29,4.39,32.91,1,1,0,0,1,0
2025-12-12 18:36:42,47.29,4.39,32.91,1,1,0,0,1,0
2025-12-12 18:36:47,47.29,4.39,32.91,1,1,0,0,1,0
2025-12-12 18:36:52,47.29,4.39,32.91,1,1,0,0,1,0
2025-12-12 18:36:57,47.29,4.39,32.91,1,1,0,0,1,0
2025-12-12 18:37:02,47.29,4.39,32.91,1,1,0,0,1,0
2025-12-12 18:37:07,48.04,4.29,32.7,1,1,0,0,0,0
2025-12-12 18:37:12,48.04,4.29,32.7,1,1,0,0,0,0
2025-12-12 18:37:17,48.04,4.29,32.7,1,1,0,0,0,0
2025-12-12 18:37:22,48.04,4.29,32.7,1,1,0,0,0,0
2025-12-12 18:37:27,48.04,4.29,32.7,1,1,0,0,0,0
2025-12-12 18:37:32,48.04,4.29,32.7,1,1,0,0,0,0
2025-12-12 18:37:37,48.04,4.29,32.7,1,1,0,0,0,0
2025-12-12 18:37:42,48.04,4.29,32.7,1,1,0,0,0,0
2025-12-12 18:37:47,48.04,4.29,32.7,1,1,0,0,0,0
2025-12-12 18:37:52,48.04,4.29,32.7,1,1,0,0,0,0
2025-12-12 18:37:57,48.04,4.29,32.7,1,1,0,0,0,0
2025-12-12 18:38:02,48.04,4.29,32.7,1,1,0,0,0,0
2025-12-12 18:38:07,47.97,4.34,32.69,1,1,0,0,0,0
2025-12-12 18:38:12,47.97,4.34,32.69,1,1,0,0,0,0
2025-12-12 18:38:17,47.97,4.34,32.69,1,1,0,0,0,0
2025-12-12 18:38:22,47.97,4.34,32.69,1,1,0,0,0,0
2025-12-12 18:38:27,47.97,4.34,32.69,1,1,0,0,0,0
2025-12-12 18:38:32,47.97,4.34,32.69,1,1,0,0,0,0
2025-12-12 18:38:37,47.97,4.34,32.69,1,1,0,0,0,0
2025-12-12 18:38:42,47.97,4.34,32.69,1,1,0,0,0,0
2025-12-12 18:38:47,47.97,4.34,32.69,1,1,0,0,0,0
2025-12-12 18:38:52,47.97,4.34,32.69,1,1,0,0,0,0
2025-12-12 18:38:57,47.97,4.34,32.69,1,1,0,0,0,0
2025-12-12 18:39:02,47.97,4.34,32.69,1,1,0,0,0,0
2025-12-12 18:39:07,47.97,4.34,32.69,1,1,0,0,0,0
2025-12-12 18:39:12,47.74,4.46,32.66,1,1,0,0,0,0
2025-12-12 18:39:17,47.74,4.46,32.66,1,1,0,0,0,0
2025-12-12 18:39:22,47.74,4.46,32.66,1,1,0,0,0,0
2025-12-12 18:39:27,47.74,4.46,32.66,1,1,0,0,0,0
2025-12-12 18:39:32,47.74,4.46,32.66,1,1,0,0,0,0
2025-12-12 18:39:37,47.74,4.46,32.66,1,1,0,0,0,0
2025-12-12 18:39:42,47.74,4.46,32.66,1,1,0,0,0,0
2025-12-12 18:39:47,47.74,4.46,32.66,1,1,0,0,0,0
2025-12-12 18:39:52,47.74,4.46,32.66,1,1,0,0,0,0
2025-12-12 18:39:57,47.74,4.46,32.66,1,1,0,0,0,0
2025-12-12 18:40:02,47.74,4.46,32.66,1,1,0,0,0,0
2025-12-12 18:40:07,47.74,4.46,32.66,1,1,0,0,0,0
2025-12-12 18:40:12,48.07,4.29,32.65,1,1,0,0,0,1
2025-12-12 18:40:17,48.07,4.29,32.65,1,1,0,0,0,1
2025-12-12 18:40:22,48.07,4.29,32.65,1,1,0,0,0,1
2025-12-12 18:40:27,48.07,4.29,32.65,1,1,0,0,0,1
2025-12-12 18:40:32,48.07,4.29,32.65,1,1,0,0,0,1
2025-12-12 18:40:37,48.07,4.29,32.65,1,1,0,0,0,1
2025-12-12 18:40:42,48.07,4.29,32.65,1,1,0,0,0,1
2025-12-12 18:40:47,48.07,4.29,32.65,1,1,0,0,0,1
2025-12-12 18:40:52,48.07,4.29,32.65,1,1,0,0,0,1
2025-12-12 18:40:57,48.07,4.29,32.65,1,1,0,0,0,1
2025-12-12 18:41:02,48.07,4.29,32.65,1,1,0,0,0,1
2025-12-12 18:41:07,48.07,4.29,32.65,1,1,0,0,0,1
2025-12-12 18:41:12,48.07,4.29,32.65,1,1,0,0,0,1
2025-12-12 18:41:17,48.09,4.34,32.66,1,1,0,0,0,1
2025-12-12 18:41:22,48.09,4.34,32.66,1,1,0,0,0,1
2025-12-12 18:41:27,48.09,4.34,32.66,1,1,0,0,0,1
2025-12-12 18:41:32,48.09,4.34,32.66,1,1,0,0,0,1
2025-12-12 18:41:37,48.09,4.34,32.66,1,1,0,0,0,1
2025-12-12 18:41:42,48.09,4.34,32.66,1,1,0,0,0,1
2025-12-12 18:41:47,48.09,4.34,32.66,1,1,0,0,0,1
2025-12-12 18:41:52,48.09,4.34,32.66,1,1,0,0,0,1
2025-12-12 18:41:57,48.09,4.34,32.66,1,1,0,0,0,1
2025-12-12 18:42:02,48.09,4.34,32.66,1,1,0,0,0,1
2025-12-12 18:42:07,48.09,4.34,32.66,1,1,0,0,0,1
2025-12-12 18:42:12,48.09,4.34,32.66,1,1,0,0,0,1
2025-12-12 18:42:17,47.64,4.37,32.65,1,1,0,0,0,0
2025-12-12 18:42:22,47.64,4.37,32.65,1,1,0,0,0,0
2025-12-12 18:42:27,47.64,4.37,32.65,1,1,0,0,0,0
2025-12-12 18:42:32,47.64,4.37,32.65,1,1,0,0,0,0
2025-12-12 18:42:37,47.64,4.37,32.65,1,1,0,0,0,0
2025-12-12 18:42:42,47.64,4.37,32.65,1,1,0,0,0,0
2025-12-12 18:42:47,47.64,4.37,32.65,1,1,0,0,0,0
2025-12-12 18:42:52,47.64,4.37,32.65,1,1,0,0,0,0
2025-12-12 18:42:57,47.64,4.37,32.65,1,1,0,0,0,0
2025-12-12 18:43:02,47.64,4.37,32.65,1,1,0,0,0,0
2025-12-12 18:43:07,47.64,4.37,32.65,1,1,0,0,0,0
2025-12-12 18:43:12,47.64,4.37,32.65,1,1,0,0,0,0
2025-12-12 18:43:17,47.83,4.59,32.65,1,1,0,0,0,0
2025-12-12 18:43:22,47.83,4.59,32.65,1,1,0,0,0,0
2025-12-12 18:43:27,47.83,4.59,32.65,1,1,0,0,0,0
2025-12-12 18:43:32,47.83,4.59,32.65,1,1,0,0,0,0
2025-12-12 18:43:37,47.83,4.59,32.65,1,1,0,0,0,0
2025-12-12 18:43:42,47.83,4.59,32.65,1,1,0,0,0,0
2025-12-12 18:43:47,47.83,4.59,32.65,1,1,0,0,0,0
2025-12-12 18:43:52,47.83,4.59,32.65,1,1,0,0,0,0
2025-12-12 18:43:57,47.83,4.59,32.65,1,1,0,0,0,0
2025-12-12 18:44:02,47.83,4.59,32.65,1,1,0,0,0,0
2025-12-12 18:44:07,47.83,4.59,32.65,1,1,0,0,0,0
2025-12-12 18:44:12,47.83,4.59,32.65,1,1,0,0,0,0
2025-12-12 18:44:17,47.83,4.59,32.65,1,1,0,0,0,0
2025-12-12 18:44:22,47.87,4.44,32.64,1,1,0,0,0,0
2025-12-12 18:44:27,47.87,4.44,32.64,1,1,0,0,0,0
2025-12-12 18:44:32,47.87,4.44,32.64,1,1,0,0,0,0
2025-12-12 18:44:37,47.87,4.44,32.64,1,1,0,0,0,0
2025-12-12 18:44:42,47.87,4.44,32.64,1,1,0,0,0,0
2025-12-12 18:44:47,47.87,4.44,32.64,1,1,0,0,0,0
2025-12-12 18:44:52,47.87,4.44,32.64,1,1,0,0,0,0
2025-12-12 18:44:57,47.87,4.44,32.64,1,1,0,0,0,0
2025-12-12 18:45:02,47.87,4.44,32.64,1,1,0,0,0,0
2025-12-12 18:45:07,47.87,4.44,32.64,1,1,0,0,0,0
2025-12-12 18:45:12,47.87,4.44,32.64,1,1,0,0,0,0
2025-12-12 18:45:17,47.87,4.44,32.64,1,1,0,0,0,0
2025-12-12 18:45:22,47.52,4.54,32.63,1,1,0,0,0,0
2025-12-12 18:45:27,47.52,4.54,32.63,1,1,0,0,0,0
2025-12-12 18:45:32,47.52,4.54,32.63,1,1,0,0,0,0
2025-12-12 18:45:37,47.52,4.54,32.63,1,1,0,0,0,0
2025-12-12 18:45:42,47.52,4.54,32.63,1,1,0,0,0,0
2025-12-12 18:45:47,47.52,4.54,32.63,1,1,0,0,0,0
2025-12-12 18:45:52,47.52,4.54,32.63,1,1,0,0,0,0
2025-12-12 18:45:57,47.52,4.54,32.63,1,1,0,0,0,0
2025-12-12 18:46:02,47.52,4.54,32.63,1,1,0,0,0,0
2025-12-12 18:46:07,47.52,4.54,32.63,1,1,0,0,0,0
2025-12-12 18:46:12,47.52,4.54,32.63,1,1,0,0,0,0
2025-12-12 18:46:17,47.52,4.54,32.63,1,1,0,0,0,0
2025-12-12 18:46:22,47.52,4.54,32.63,1,1,0,0,0,0
2025-12-12 18:46:27,47.75,4.51,32.63,1,1,0,0,0,1
2025-12-12 18:46:32,47.75,4.51,32.63,1,1,0,0,0,1
2025-12-12 18:46:37,47.75,4.51,32.63,1,1,0,0,0,1
2025-12-12 18:46:42,47.75,4.51,32.63,1,1,0,0,0,1
2025-12-12 18:46:47,47.75,4.51,32.63,1,1,0,0,0,1
2025-12-12 18:46:52,47.75,4.51,32.63,1,1,0,0,0,1
2025-12-12 18:46:57,47.75,4.51,32.63,1,1,0,0,0,1
2025-12-12 18:47:02,47.75,4.51,32.63,1,1,0,0,0,1
2025-12-12 18:47:07,47.75,4.51,32.63,1,1,0,0,0,1
2025-12-12 18:47:12,47.75,4.51,32.63,1,1,0,0,0,1
2025-12-12 18:47:17,47.75,4.51,32.63,1,1,0,0,0,1
2025-12-12 18:47:22,47.75,4.51,32.63,1,1,0,0,0,1
2025-12-12 18:47:27,47.86,4.37,32.6,1,1,0,0,0,1
2025-12-12 18:47:32,47.86,4.37,32.6,1,1,0,0,0,1
2025-12-12 18:47:37,47.86,4.37,32.6,1,1,0,0,0,1
2025-12-12 18:47:42,47.86,4.37,32.6,1,1,0,0,0,1
2025-12-12 18:47:47,47.86,4.37,32.6,1,1,0,0,0,1
2025-12-12 18:47:52,47.86,4.37,32.6,1,1,0,0,0,1
2025-12-12 18:47:57,47.86,4.37,32.6,1,1,0,0,0,1
2025-12-12 18:48:02,47.86,4.37,32.6,1,1,0,0,0,1
2025-12-12 18:48:08,47.86,4.37,32.6,1,1,0,0,0,1
2025-12-12 18:48:12,47.86,4.37,32.6,1,1,0,0,0,1
2025-12-12 18:48:17,47.86,4.37,32.6,1,1,0,0,0,1
2025-12-12 18:48:22,47.86,4.37,32.6,1,1,0,0,0,1
2025-12-12 18:48:27,48.02,4.37,32.56,1,1,0,0,0,1
2025-12-12 18:48:32,48.02,4.54,32.56,1,1,0,0,0,0
2025-12-12 18:48:37,48.02,4.54,32.56,1,1,0,0,0,0
2025-12-12 18:48:42,48.02,4.54,32.56,1,1,0,0,0,0
2025-12-12 18:48:47,48.02,4.54,32.56,1,1,0,0,0,0
2025-12-12 18:48:52,48.02,4.54,32.56,1,1,0,0,0,0
2025-12-12 18:48:57,48.02,4.54,32.56,1,1,0,0,0,0
2025-12-12 18:49:02,48.02,4.54,32.56,1,1,0,0,0,0
2025-12-12 18:49:07,48.02,4.54,32.56,1,1,0,0,0,0
2025-12-12 18:49:12,48.02,4.54,32.56,1,1,0,0,0,0
2025-12-12 18:49:17,48.02,4.54,32.56,1,1,0,0,0,0
2025-12-12 18:49:22,48.02,4.54,32.56,1,1,0,0,0,0
2025-12-12 18:49:27,48.02,4.54,32.56,1,1,0,0,0,0
2025-12-12 18:49:32,48.05,4.49,32.53,1,1,0,0,0,0
2025-12-12 18:49:37,48.05,4.49,32.53,1,1,0,0,0,0
2025-12-12 18:49:42,48.05,4.49,32.53,1,1,0,0,0,0
2025-12-12 18:49:47,48.05,4.49,32.53,1,1,0,0,0,0
2025-12-12 18:49:52,48.05,4.49,32.53,1,1,0,0,0,0
2025-12-12 18:49:57,48.05,4.49,32.53,1,1,0,0,0,0
2025-12-12 18:50:02,48.05,4.49,32.53,1,1,0,0,0,0
2025-12-12 18:50:07,48.05,4.49,32.53,1,1,0,0,0,0
2025-12-12 18:50:12,48.05,4.49,32.53,1,1,0,0,0,0
2025-12-12 18:50:17,48.05,4.49,32.53,1,1,0,0,0,0
2025-12-12 18:50:22,48.05,4.49,32.53,1,1,0,0,0,0
2025-12-12 18:50:27,48.05,4.49,32.53,1,1,0,0,0,0
2025-12-12 18:50:32,48.55,4.49,32.53,1,1,0,0,0,0
2025-12-12 18:50:37,48.55,4.49,32.53,1,1,0,0,0,0
2025-12-12 18:50:42,48.55,4.49,32.53,1,1,0,0,0,0
2025-12-12 18:50:47,48.55,4.49,32.53,1,1,0,0,0,0
2025-12-12 18:50:52,48.55,4.49,32.53,1,1,0,0,0,0
2025-12-12 18:50:57,48.55,4.49,32.53,1,1,0,0,0,0
2025-12-12 18:51:02,48.55,4.49,32.53,1,1,0,0,0,0
2025-12-12 18:51:07,48.55,4.49,32.53,1,1,0,0,0,0
2025-12-12 18:51:12,48.55,4.49,32.53,1,1,0,0,0,0
2025-12-12 18:51:19,48.55,4.49,32.53,1,1,0,0,0,0
2025-12-12 18:51:23,48.55,4.49,32.53,1,1,0,0,0,0
2025-12-12 18:51:28,48.55,4.49,32.53,1,1,0,0,0,0
2025-12-12 18:51:33,48.55,4.49,32.53,1,1,0,0,0,0
2025-12-12 18:51:38,48.18,4.37,32.5,1,1,0,0,0,0
2025-12-12 18:51:43,48.18,4.37,32.5,1,1,0,0,0,0
2025-12-12 18:51:48,48.18,4.37,32.5,1,1,0,0,0,0
2025-12-12 18:51:53,48.18,4.37,32.5,1,1,0,0,0,0
2025-12-12 18:51:58,48.18,4.37,32.5,1,1,0,0,0,0
2025-12-12 18:52:03,48.18,4.37,32.5,1,1,0,0,0,0
2025-12-12 18:52:08,48.18,4.37,32.5,1,1,0,0,0,0
2025-12-12 18:52:13,48.18,4.37,32.5,1,1,0,0,0,0
2025-12-12 18:52:18,48.18,4.37,32.5,1,1,0,0,0,0
2025-12-12 18:52:23,48.18,4.37,32.5,1,1,0,0,0,0
2025-12-12 18:52:28,48.18,4.37,32.5,1,1,0,0,0,0
2025-12-12 18:52:33,48.18,4.37,32.5,1,1,0,0,0,0
2025-12-12 18:52:38,48.18,4.37,32.5,1,1,0,0,0,0
2025-12-12 18:52:43,48.18,4.37,32.5,1,1,0,0,0,0
2025-12-12 18:52:48,48.18,4.37,32.5,1,1,0,0,0,0
2025-12-12 18:52:53,48.18,4.37,32.5,1,1,0,0,0,0
2025-12-12 18:52:58,48.18,4.37,32.5,1,1,0,0,0,0
2025-12-12 18:53:03,48.18,4.37,32.5,1,1,0,0,0,0
2025-12-12 18:53:08,48.18,4.37,32.5,1,1,0,0,0,0
2025-12-12 18:53:13,48.18,4.37,32.5,1,1,0,0,0,0
2025-12-12 18:53:18,48.18,4.37,32.5,1,1,0,0,0,0
2025-12-12 18:53:23,48.61,4.51,32.48,1,1,0,0,0,0
2025-12-12 18:53:28,48.61,4.51,32.48,1,1,0,0,0,0
2025-12-12 18:53:33,48.61,4.51,32.48,1,1,0,0,0,0
2025-12-12 18:53:38,48.61,4.51,32.48,1,1,0,0,0,0
2025-12-12 18:53:43,48.61,4.51,32.48,1,1,0,0,0,0
2025-12-12 18:53:48,48.61,4.51,32.48,1,1,0,0,0,0
2025-12-12 18:53:53,48.61,4.51,32.48,1,1,0,0,0,0
2025-12-12 18:53:58,48.61,4.51,32.48,1,1,0,0,0,0
2025-12-12 18:54:03,48.61,4.51,32.48,1,1,0,0,0,0
2025-12-12 18:54:08,48.61,4.51,32.48,1,1,0,0,0,0
2025-12-12 18:54:13,48.61,4.51,32.48,1,1,0,0,0,0
2025-12-12 18:54:18,48.61,4.51,32.48,1,1,0,0,0,0
2025-12-12 18:54:23,48.61,4.51,32.48,1,1,0,0,0,0
2025-12-12 18:54:28,48.32,4.59,32.46,1,1,0,0,0,0
2025-12-12 18:54:33,48.32,4.59,32.46,1,1,0,0,0,0
2025-12-12 18:54:38,48.32,4.59,32.46,1,1,0,0,0,0
2025-12-12 18:54:43,48.32,4.59,32.46,1,1,0,0,0,0
2025-12-12 18:54:48,48.32,4.59,32.46,1,1,0,0,0,0
2025-12-12 18:54:53,48.32,4.59,32.46,1,1,0,0,0,0
2025-12-12 18:54:58,48.32,4.59,32.46,1,1,0,0,0,0
2025-12-12 18:55:03,48.32,4.59,32.46,1,1,0,0,0,0
2025-12-12 18:55:08,48.32,4.59,32.46,1,1,0,0,0,0
2025-12-12 18:55:13,48.32,4.59,32.46,1,1,0,0,0,0
2025-12-12 18:55:18,48.32,4.59,32.46,1,1,0,0,0,0
2025-12-12 18:55:23,48.32,4.59,32.46,1,1,0,0,0,0
2025-12-12 18:55:28,48.51,4.54,32.44,1,1,0,0,0,0
2025-12-12 18:55:33,48.51,4.54,32.44,1,1,0,0,0,0
2025-12-12 18:55:38,48.51,4.54,32.44,1,1,0,0,0,0
2025-12-12 18:55:43,48.51,4.54,32.44,1,1,0,0,0,0
2025-12-12 18:55:48,48.51,4.54,32.44,1,1,0,0,0,0
2025-12-12 18:55:53,48.51,4.54,32.44,1,1,0,0,0,0
2025-12-12 18:55:58,48.51,4.54,32.44,1,1,0,0,0,0
2025-12-12 18:56:03,48.51,4.54,32.44,1,1,0,0,0,0
2025-12-12 18:56:08,48.51,4.54,32.44,1,1,0,0,0,0
2025-12-12 18:56:13,48.51,4.54,32.44,1,1,0,0,0,0
2025-12-12 18:56:18,48.51,4.54,32.44,1,1,0,0,0,0
2025-12-12 18:56:23,48.51,4.54,32.44,1,1,0,0,0,0
2025-12-12 18:56:28,48.51,4.54,32.44,1,1,0,0,0,0
2025-12-12 18:56:33,49.35,4.29,32.42,1,1,0,0,0,0
2025-12-12 18:56:38,49.35,4.29,32.42,1,1,0,0,0,0
2025-12-12 18:56:43,49.35,4.29,32.42,1,1,0,0,0,0
2025-12-12 18:56:48,49.35,4.29,32.42,1,1,0,0,0,0
2025-12-12 18:56:53,49.35,4.29,32.42,1,1,0,0,0,0
2025-12-12 18:56:58,49.35,4.29,32.42,1,1,0,0,0,0
2025-12-12 18:57:03,49.35,4.29,32.42,1,1,0,0,0,0
2025-12-12 18:57:08,49.35,4.29,32.42,1,1,0,0,0,0
2025-12-12 18:57:13,49.35,4.29,32.42,1,1,0,0,0,0
2025-12-12 18:57:18,49.35,4.29,32.42,1,1,0,0,0,0
2025-12-12 18:57:23,49.35,4.29,32.42,1,1,0,0,0,0
2025-12-12 18:57:28,49.35,4.29,32.42,1,1,0,0,0,0
2025-12-12 18:57:33,50.71,4.29,32.48,1,1,0,0,0,0
2025-12-12 18:57:38,50.71,4.29,32.48,1,1,0,0,0,0
2025-12-12 18:57:43,50.71,4.29,32.48,1,1,0,0,0,0
2025-12-12 18:57:48,50.71,4.29,32.48,1,1,0,0,0,0
2025-12-12 18:57:53,50.71,4.29,32.48,1,1,0,0,0,0
2025-12-12 18:57:58,50.71,4.29,32.48,1,1,0,0,0,0
2025-12-12 18:58:03,50.71,4.29,32.48,1,1,0,0,0,0
2025-12-12 18:58:08,50.71,4.29,32.48,1,1,0,0,0,0
2025-12-12 18:58:13,50.71,4.29,32.48,1,1,0,0,0,0
2025-12-12 18:58:18,50.71,4.29,32.48,1,1,0,0,0,0
2025-12-12 18:58:23,50.71,4.29,32.48,1,1,0,0,0,0
2025-12-12 18:58:28,50.71,4.29,32.48,1,1,0,0,0,0
2025-12-12 18:58:33,48.67,4.29,32.49,1,1,0,0,0,0
2025-12-12 18:58:38,48.67,4.49,32.49,1,1,0,0,0,1
2025-12-12 18:58:43,48.67,4.49,32.49,1,1,0,0,0,1
2025-12-12 18:58:48,48.67,4.49,32.49,1,1,0,0,0,1
2025-12-12 18:58:53,48.67,4.49,32.49,1,1,0,0,0,1
2025-12-12 18:58:58,48.67,4.49,32.49,1,1,0,0,0,1
2025-12-12 18:59:03,48.67,4.49,32.49,1,1,0,0,0,1
2025-12-12 18:59:08,48.67,4.49,32.49,1,1,0,0,0,1
2025-12-12 18:59:13,48.67,4.49,32.49,1,1,0,0,0,1
2025-12-12 18:59:18,48.67,4.49,32.49,1,1,0,0,0,1
2025-12-12 18:59:23,48.67,4.49,32.49,1,1,0,0,0,1
2025-12-12 18:59:28,48.67,4.49,32.49,1,1,0,0,0,1
2025-12-12 18:59:33,48.67,4.49,32.49,1,1,0,0,0,1
2025-12-12 18:59:38,50.3,4.29,32.49,1,1,0,0,0,1
2025-12-12 18:59:43,50.3,4.29,32.49,1,1,0,0,0,1
2025-12-12 18:59:48,50.3,4.29,32.49,1,1,0,0,0,1
2025-12-12 18:59:53,50.3,4.29,32.49,1,1,0,0,0,1
2025-12-12 18:59:58,50.3,4.29,32.49,1,1,0,0,0,1
2025-12-12 19:00:03,50.3,4.29,32.49,1,1,0,0,0,1
2025-12-12 19:00:08,50.3,4.29,32.49,1,1,0,0,0,1
2025-12-12 19:00:13,50.3,4.29,32.49,1,1,0,0,0,1
2025-12-12 19:00:18,50.3,4.29,32.49,1,1,0,0,0,1
2025-12-12 19:00:23,50.3,4.29,32.49,1,1,0,0,0,1
2025-12-12 19:00:28,50.3,4.29,32.49,1,1,0,0,0,1
2025-12-12 19:00:33,50.3,4.29,32.49,1,1,0,0,0,1
2025-12-12 19:00:38,48.55,4.61,32.53,1,1,0,0,0,1
2025-12-12 19:00:43,48.55,4.61,32.53,1,1,0,0,0,0
2025-12-12 19:00:48,48.55,4.61,32.53,1,1,0,0,0,0
2025-12-12 19:00:53,48.55,4.61,32.53,1,1,0,0,0,0
2025-12-12 19:00:58,48.55,4.61,32.53,1,1,0,0,0,0
2025-12-12 19:01:03,48.55,4.61,32.53,1,1,0,0,0,0
2025-12-12 19:01:08,48.55,4.61,32.53,1,1,0,0,0,0
2025-12-12 19:01:13,48.55,4.61,32.53,1,1,0,0,0,0
2025-12-12 19:01:18,48.55,4.61,32.53,1,1,0,0,0,0
2025-12-12 19:01:23,48.55,4.61,32.53,1,1,0,0,0,0
2025-12-12 19:01:28,48.55,4.61,32.53,1,1,0,0,0,0
2025-12-12 19:01:33,48.55,4.61,32.53,1,1,0,0,0,0
2025-12-12 19:01:38,48.55,4.61,32.53,1,1,0,0,0,0
2025-12-12 19:01:43,48.55,4.61,32.53,1,1,0,0,0,0
2025-12-12 19:01:49,48.55,4.61,32.53,1,1,0,0,0,0
2025-12-12 19:01:53,48.55,4.61,32.53,1,1,0,0,0,0
2025-12-12 19:01:58,48.55,4.61,32.53,1,1,0,0,0,0
2025-12-12 19:02:03,48.55,4.61,32.53,1,1,0,0,0,0
2025-12-12 19:02:08,48.55,4.61,32.53,1,1,0,0,0,0
2025-12-12 19:02:13,48.55,4.61,32.53,1,1,0,0,0,0
2025-12-12 19:02:18,48.55,4.61,32.53,1,1,0,0,0,0
2025-12-12 19:02:23,48.8,4.61,32.48,1,1,0,0,0,0
2025-12-12 19:02:29,48.8,4.42,32.48,1,1,0,0,0,1
2025-12-12 19:02:34,48.8,4.42,32.48,1,1,0,0,0,1
2025-12-12 19:02:39,48.8,4.42,32.48,1,1,0,0,0,1
2025-12-12 19:02:44,48.8,4.42,32.48,1,1,0,0,0,1
2025-12-12 19:02:49,48.8,4.42,32.48,1,1,0,0,0,1
2025-12-12 19:02:54,48.8,4.42,32.48,1,1,0,0,0,1
2025-12-12 19:02:59,48.8,4.42,32.48,1,1,0,0,0,1
2025-12-12 19:03:04,48.8,4.42,32.48,1,1,0,0,0,1
2025-12-12 19:03:09,48.8,4.42,32.48,1,1,0,0,0,1
2025-12-12 19:03:14,48.8,4.42,32.48,1,1,0,0,0,1
2025-12-12 19:03:19,48.8,4.42,32.48,1,1,0,0,0,1
2025-12-12 19:03:24,48.8,4.42,32.48,1,1,0,0,0,1
2025-12-12 19:03:29,48.96,4.54,32.41,1,1,0,0,0,1
2025-12-12 19:03:34,48.96,4.54,32.41,1,1,0,0,0,1
2025-12-12 19:03:39,48.96,4.54,32.41,1,1,0,0,0,1
2025-12-12 19:03:44,48.96,4.54,32.41,1,1,0,0,0,1
2025-12-12 19:03:49,48.96,4.54,32.41,1,1,0,0,0,1
2025-12-12 19:03:54,48.96,4.54,32.41,1,1,0,0,0,1
2025-12-12 19:03:59,48.96,4.54,32.41,1,1,0,0,0,1
2025-12-12 19:04:04,48.96,4.54,32.41,1,1,0,0,0,1
2025-12-12 19:04:09,48.96,4.54,32.41,1,1,0,0,0,1
2025-12-12 19:04:14,48.96,4.54,32.41,1,1,0,0,0,1
2025-12-12 19:04:19,48.96,4.54,32.41,1,1,0,0,0,1
2025-12-12 19:04:24,48.96,4.54,32.41,1,1,0,0,0,1
2025-12-12 19:04:29,48.85,4.39,32.4,1,1,0,0,0,1
2025-12-12 19:04:34,48.85,4.39,32.4,1,1,0,0,0,1
2025-12-12 19:04:39,48.85,4.39,32.4,1,1,0,0,0,1
2025-12-12 19:04:44,48.85,4.39,32.4,1,1,0,0,0,1
2025-12-12 19:04:49,48.85,4.39,32.4,1,1,0,0,0,1
2025-12-12 19:04:54,48.85,4.39,32.4,1,1,0,0,0,1
2025-12-12 19:04:59,48.85,4.39,32.4,1,1,0,0,0,1
2025-12-12 19:05:04,48.85,4.39,32.4,1,1,0,0,0,1
2025-12-12 19:05:09,48.85,4.39,32.4,1,1,0,0,0,1
2025-12-12 19:05:14,48.85,4.39,32.4,1,1,0,0,0,1
2025-12-12 19:05:19,48.85,4.39,32.4,1,1,0,0,0,1
2025-12-12 19:05:24,48.85,4.39,32.4,1,1,0,0,0,1
2025-12-12 19:05:29,48.85,4.39,32.4,1,1,0,0,0,1
2025-12-12 19:05:34,48.85,4.39,32.4,1,1,0,0,0,1
2025-12-12 19:05:39,48.85,4.39,32.4,1,1,0,0,0,1
2025-12-12 19:05:44,48.85,4.39,32.4,1,1,0,0,0,1
2025-12-12 19:05:49,48.85,4.39,32.4,1,1,0,0,0,1
2025-12-12 19:05:54,48.85,4.39,32.4,1,1,0,0,0,1
2025-12-12 19:05:59,48.85,4.39,32.4,1,1,0,0,0,1
2025-12-12 19:06:04,48.85,4.39,32.4,1,1,0,0,0,1
2025-12-12 19:06:09,48.85,4.39,32.4,1,1,0,0,0,1
2025-12-12 19:06:14,48.85,4.39,32.4,1,1,0,0,0,1
2025-12-12 19:06:19,48.85,4.39,32.4,1,1,0,0,0,1
2025-12-12 19:06:24,48.85,4.39,32.4,1,1,0,0,0,1
2025-12-12 19:06:29,48.85,4.39,32.4,1,1,0,0,0,1
2025-12-12 19:06:34,48.85,4.39,32.4,1,1,0,0,0,1
2025-12-12 19:06:39,48.85,4.39,32.4,1,1,0,0,0,1
2025-12-12 19:06:44,48.85,4.39,32.4,1,1,0,0,0,1
2025-12-12 19:06:49,48.85,4.39,32.4,1,1,0,0,0,1
2025-12-12 19:06:54,48.85,4.39,32.4,1,1,0,0,0,1
2025-12-12 19:06:59,48.85,4.39,32.4,1,1,0,0,0,1
2025-12-12 19:07:04,48.85,4.39,32.4,1,1,0,0,0,1
2025-12-12 19:07:09,48.85,4.39,32.4,1,1,0,0,0,1
2025-12-12 19:07:14,48.85,4.39,32.4,1,1,0,0,0,1
2025-12-12 19:07:19,48.85,4.39,32.4,1,1,0,0,0,1
2025-12-12 19:07:24,48.85,4.39,32.4,1,1,0,0,0,1
2025-12-12 19:07:29,48.85,4.39,32.4,1,1,0,0,0,1
2025-12-12 19:07:34,48.85,4.39,32.4,1,1,0,0,0,1
2025-12-12 19:07:39,48.85,4.39,32.4,1,1,0,0,0,1
2025-12-12 19:07:44,48.85,4.39,32.4,1,1,0,0,0,1
2025-12-12 19:07:49,48.85,4.39,32.4,1,1,0,0,0,1
2025-12-12 19:07:54,48.85,4.39,32.4,1,1,0,0,0,1
2025-12-12 19:07:59,48.85,4.39,32.4,1,1,0,0,0,1
2025-12-12 19:08:04,48.85,4.39,32.4,1,1,0,0,0,1
2025-12-12 19:08:09,48.85,4.39,32.4,1,1,0,0,0,1
2025-12-12 19:08:14,48.85,4.39,32.4,1,1,0,0,0,1
2025-12-12 19:08:19,48.85,4.39,32.4,1,1,0,0,0,1
2025-12-12 19:08:24,48.85,4.39,32.4,1,1,0,0,0,1
2025-12-12 19:08:29,48.85,4.39,32.4,1,1,0,0,0,1
2025-12-12 19:08:34,48.85,4.39,32.4,1,1,0,0,0,1
2025-12-12 19:08:39,48.85,4.39,32.4,1,1,0,0,0,1
2025-12-12 19:08:44,48.85,4.39,32.4,1,1,0,0,0,1
2025-12-12 19:08:49,49.39,4.59,32.3,1,1,0,0,0,0
2025-12-12 19:08:54,49.39,4.59,32.3,1,1,0,0,0,0
2025-12-12 19:08:59,49.39,4.59,32.3,1,1,0,0,0,0
2025-12-12 19:09:04,49.39,4.59,32.3,1,1,0,0,0,0
2025-12-12 19:09:09,49.39,4.59,32.3,1,1,0,0,0,0
2025-12-12 19:09:14,49.39,4.59,32.3,1,1,0,0,0,0
2025-12-12 19:09:19,49.39,4.59,32.3,1,1,0,0,0,0
2025-12-12 19:09:24,49.39,4.59,32.3,1,1,0,0,0,0
2025-12-12 19:09:29,49.39,4.59,32.3,1,1,0,0,0,0
2025-12-12 19:09:34,49.39,4.59,32.3,1,1,0,0,0,0
2025-12-12 19:09:39,49.39,4.59,32.3,1,1,0,0,0,0
2025-12-12 19:09:44,49.39,4.59,32.3,1,1,0,0,0,0
2025-12-12 19:09:49,49.32,4.42,32.29,1,1,0,0,0,0
2025-12-12 19:09:54,49.32,4.42,32.29,1,1,0,0,0,0
2025-12-12 19:09:59,49.32,4.42,32.29,1,1,0,0,0,0
2025-12-12 19:10:04,49.32,4.42,32.29,1,1,0,0,0,0
2025-12-12 19:10:09,49.32,4.42,32.29,1,1,0,0,0,0
2025-12-12 19:10:14,49.32,4.42,32.29,1,1,0,0,0,0
2025-12-12 19:10:19,49.32,4.42,32.29,1,1,0,0,0,0
2025-12-12 19:10:24,49.32,4.42,32.29,1,1,0,0,0,0
2025-12-12 19:10:29,49.32,4.42,32.29,1,1,0,0,0,0
2025-12-12 19:10:34,49.32,4.42,32.29,1,1,0,0,0,0
2025-12-12 19:10:39,49.32,4.42,32.29,1,1,0,0,0,0
2025-12-12 19:10:44,49.32,4.42,32.29,1,1,0,0,0,0
2025-12-12 19:10:49,49.32,4.42,32.29,1,1,0,0,0,0
2025-12-12 19:10:54,49.36,4.54,32.29,1,1,0,0,0,0
2025-12-12 19:10:59,49.36,4.54,32.29,1,1,0,0,0,0
2025-12-12 19:11:04,49.36,4.54,32.29,1,1,0,0,0,0
2025-12-12 19:11:09,49.36,4.54,32.29,1,1,0,0,0,0
2025-12-12 19:11:14,49.36,4.54,32.29,1,1,0,0,0,0
2025-12-12 19:11:19,49.36,4.54,32.29,1,1,0,0,0,0
2025-12-12 19:11:24,49.36,4.54,32.29,1,1,0,0,0,0
2025-12-12 19:11:29,49.36,4.54,32.29,1,1,0,0,0,0
2025-12-12 19:11:34,49.36,4.54,32.29,1,1,0,0,0,0
2025-12-12 19:11:39,49.36,4.54,32.29,1,1,0,0,0,0
2025-12-12 19:11:44,49.36,4.54,32.29,1,1,0,0,0,0
2025-12-12 19:11:49,49.36,4.54,32.29,1,1,0,0,0,0
2025-12-12 19:11:54,49.73,4.39,32.27,1,1,0,0,0,1
2025-12-12 19:11:59,49.73,4.39,32.27,1,1,0,0,0,1
2025-12-12 19:12:04,49.73,4.39,32.27,1,1,0,0,0,1
2025-12-12 19:12:09,49.73,4.39,32.27,1,1,0,0,0,1
2025-12-12 19:12:14,49.73,4.39,32.27,1,1,0,0,0,1
2025-12-12 19:12:19,49.73,4.39,32.27,1,1,0,0,0,1
2025-12-12 19:12:24,49.73,4.39,32.27,1,1,0,0,0,1
2025-12-12 19:12:29,49.73,4.39,32.27,1,1,0,0,0,1
2025-12-12 19:12:34,49.73,4.39,32.27,1,1,0,0,0,1
2025-12-12 19:12:39,49.73,4.39,32.27,1,1,0,0,0,1
2025-12-12 19:12:44,49.73,4.39,32.27,1,1,0,0,0,1
2025-12-12 19:12:49,49.73,4.39,32.27,1,1,0,0,0,1
2025-12-12 19:12:54,49.73,4.39,32.27,1,1,0,0,0,1
2025-12-12 19:12:59,49.73,4.39,32.27,1,1,0,0,0,1
2025-12-12 19:13:04,49.73,4.39,32.27,1,1,0,0,0,1
2025-12-12 19:13:09,49.73,4.39,32.27,1,1,0,0,0,1
2025-12-12 19:13:14,49.73,4.39,32.27,1,1,0,0,0,1
2025-12-12 19:13:19,49.73,4.39,32.27,1,1,0,0,0,1
2025-12-12 19:13:24,49.73,4.39,32.27,1,1,0,0,0,1
2025-12-12 19:13:29,49.73,4.39,32.27,1,1,0,0,0,1
2025-12-12 19:13:34,49.73,4.39,32.27,1,1,0,0,0,1
2025-12-12 19:13:39,49.73,4.39,32.27,1,1,0,0,0,1
2025-12-12 19:13:44,49.63,4.56,32.26,1,1,0,0,0,1
2025-12-12 19:13:49,49.63,4.56,32.26,1,1,0,0,0,1
2025-12-12 19:13:54,49.63,4.56,32.26,1,1,0,0,0,1
2025-12-12 19:13:59,49.63,4.56,32.26,1,1,0,0,0,1
2025-12-12 19:14:04,49.63,4.56,32.26,1,1,0,0,0,1
2025-12-12 19:14:09,49.63,4.56,32.26,1,1,0,0,0,1
2025-12-12 19:14:14,49.63,4.56,32.26,1,1,0,0,0,1
2025-12-12 19:14:19,49.63,4.56,32.26,1,1,0,0,0,1
2025-12-12 19:14:24,49.63,4.56,32.26,1,1,0,0,0,1
2025-12-12 19:14:29,49.63,4.56,32.26,1,1,0,0,0,1
2025-12-12 19:14:34,49.63,4.56,32.26,1,1,0,0,0,1
2025-12-12 19:14:39,49.63,4.56,32.26,1,1,0,0,0,1
2025-12-12 19:14:44,49.58,4.34,32.25,1,1,0,0,0,0
2025-12-12 19:14:49,49.58,4.34,32.25,1,1,0,0,0,0
2025-12-12 19:14:54,49.58,4.34,32.25,1,1,0,0,0,0
2025-12-12 19:14:59,49.58,4.34,32.25,1,1,0,0,0,0
2025-12-12 19:15:04,49.58,4.34,32.25,1,1,0,0,0,0
2025-12-12 19:15:09,49.58,4.34,32.25,1,1,0,0,0,0
2025-12-12 19:15:14,49.58,4.34,32.25,1,1,0,0,0,0
2025-12-12 19:15:19,49.58,4.34,32.25,1,1,0,0,0,0
2025-12-12 19:15:24,49.58,4.34,32.25,1,1,0,0,0,0
2025-12-12 19:15:29,49.58,4.34,32.25,1,1,0,0,0,0
2025-12-12 19:15:34,49.58,4.34,32.25,1,1,0,0,0,0
2025-12-12 19:15:39,49.58,4.34,32.25,1,1,0,0,0,0
2025-12-12 19:15:44,49.58,4.34,32.25,1,1,0,0,0,0
2025-12-12 19:15:49,49.58,4.49,32.26,1,1,0,0,0,0
2025-12-12 19:15:54,49.58,4.49,32.26,1,1,0,0,0,0
2025-12-12 19:15:59,49.58,4.49,32.26,1,1,0,0,0,0
2025-12-12 19:16:04,49.58,4.49,32.26,1,1,0,0,0,0
2025-12-12 19:16:09,49.58,4.49,32.26,1,1,0,0,0,0
2025-12-12 19:16:14,49.58,4.49,32.26,1,1,0,0,0,0
2025-12-12 19:16:19,49.58,4.49,32.26,1,1,0,0,0,0
2025-12-12 19:16:24,49.58,4.49,32.26,1,1,0,0,0,0
2025-12-12 19:16:29,49.58,4.49,32.26,1,1,0,0,0,0
2025-12-12 19:16:34,49.58,4.49,32.26,1,1,0,0,0,0
2025-12-12 19:16:39,49.58,4.49,32.26,1,1,0,0,0,0
2025-12-12 19:16:44,49.58,4.49,32.26,1,1,0,0,0,0
2025-12-12 19:16:49,49.58,4.34,32.29,1,1,0,0,0,0
2025-12-12 19:16:54,49.58,4.34,32.29,1,1,0,0,0,0
2025-12-12 19:16:59,49.58,4.34,32.29,1,1,0,0,0,0
2025-12-12 19:17:04,49.58,4.34,32.29,1,1,0,0,0,0
2025-12-12 19:17:09,49.58,4.34,32.29,1,1,0,0,0,0
2025-12-12 19:17:14,49.58,4.34,32.29,1,1,0,0,0,0
2025-12-12 19:17:19,49.58,4.34,32.29,1,1,0,0,0,0
2025-12-12 19:17:24,49.58,4.34,32.29,1,1,0,0,0,0
2025-12-12 19:17:29,49.58,4.34,32.29,1,1,0,0,0,0
2025-12-12 19:17:34,49.58,4.34,32.29,1,1,0,0,0,0
2025-12-12 19:17:39,49.58,4.34,32.29,1,1,0,0,0,0
2025-12-12 19:17:44,49.58,4.34,32.29,1,1,0,0,0,0
2025-12-12 19:17:49,49.58,4.34,32.29,1,1,0,0,0,0
2025-12-12 19:17:54,49.71,4.54,32.26,1,1,0,0,0,0
2025-12-12 19:17:59,49.71,4.54,32.26,1,1,0,0,0,0
2025-12-12 19:18:04,49.71,4.54,32.26,1,1,0,0,0,0
2025-12-12 19:18:09,49.71,4.54,32.26,1,1,0,0,0,0
2025-12-12 19:18:14,49.71,4.54,32.26,1,1,0,0,0,0
2025-12-12 19:18:19,49.71,4.54,32.26,1,1,0,0,0,0
2025-12-12 19:18:24,49.71,4.54,32.26,1,1,0,0,0,0
2025-12-12 19:18:29,49.71,4.54,32.26,1,1,0,0,0,0
2025-12-12 19:18:34,49.71,4.54,32.26,1,1,0,0,0,0
2025-12-12 19:18:39,49.71,4.54,32.26,1,1,0,0,0,0
2025-12-12 19:18:44,49.71,4.54,32.26,1,1,0,0,0,0
2025-12-12 19:18:49,49.71,4.54,32.26,1,1,0,0,0,0
2025-12-12 19:18:54,49.87,4.44,32.26,1,1,0,0,0,0
2025-12-12 19:18:59,49.87,4.44,32.26,1,1,0,0,0,0
2025-12-12 19:19:04,49.87,4.44,32.26,1,1,0,0,0,0
2025-12-12 19:19:09,49.87,4.44,32.26,1,1,0,0,0,0
2025-12-12 19:19:14,49.87,4.44,32.26,1,1,0,0,0,0
2025-12-12 19:19:19,49.87,4.44,32.26,1,1,0,0,0,0
2025-12-12 19:19:24,49.87,4.44,32.26,1,1,0,0,0,0
2025-12-12 19:19:29,49.87,4.44,32.26,1,1,0,0,0,0
2025-12-12 19:19:34,49.87,4.44,32.26,1,1,0,0,0,0
2025-12-12 19:19:39,49.87,4.44,32.26,1,1,0,0,0,0
2025-12-12 19:19:44,49.87,4.44,32.26,1,1,0,0,0,0
2025-12-12 19:19:49,49.87,4.44,32.26,1,1,0,0,0,0
2025-12-12 19:19:54,49.75,4.34,32.25,1,1,0,0,0,0
2025-12-12 19:19:59,49.75,4.34,32.25,1,1,0,0,0,0
2025-12-12 19:20:04,49.75,4.34,32.25,1,1,0,0,0,0
2025-12-12 19:20:09,49.75,4.34,32.25,1,1,0,0,0,0
2025-12-12 19:20:14,49.75,4.34,32.25,1,1,0,0,0,0
2025-12-12 19:20:19,49.75,4.34,32.25,1,1,0,0,0,0
2025-12-12 19:20:24,49.75,4.34,32.25,1,1,0,0,0,0
2025-12-12 19:20:29,49.75,4.34,32.25,1,1,0,0,0,0
2025-12-12 19:20:34,49.75,4.34,32.25,1,1,0,0,0,0
2025-12-12 19:20:39,49.75,4.34,32.25,1,1,0,0,0,0
2025-12-12 19:20:44,49.75,4.34,32.25,1,1,0,0,0,0
2025-12-12 19:20:49,49.75,4.34,32.25,1,1,0,0,0,0
2025-12-12 19:20:54,49.75,4.34,32.25,1,1,0,0,0,0
2025-12-12 19:20:59,49.94,4.49,32.23,1,1,0,0,0,0
2025-12-12 19:21:04,49.94,4.49,32.23,1,1,0,0,0,0
2025-12-12 19:21:09,49.94,4.49,32.23,1,1,0,0,0,0
2025-12-12 19:21:14,49.94,4.49,32.23,1,1,0,0,0,0
2025-12-12 19:21:19,49.94,4.49,32.23,1,1,0,0,0,0
2025-12-12 19:21:24,49.94,4.49,32.23,1,1,0,0,0,0
2025-12-12 19:21:29,49.94,4.49,32.23,1,1,0,0,0,0
2025-12-12 19:21:34,49.94,4.49,32.23,1,1,0,0,0,0
2025-12-12 19:21:39,49.94,4.49,32.23,1,1,0,0,0,0
2025-12-12 19:21:44,49.94,4.49,32.23,1,1,0,0,0,0
2025-12-12 19:21:49,49.94,4.49,32.23,1,1,0,0,0,0
2025-12-12 19:21:54,49.94,4.49,32.23,1,1,0,0,0,0
2025-12-12 19:21:59,49.93,4.34,32.21,1,1,0,0,0,0
2025-12-12 19:22:04,49.93,4.34,32.21,1,1,0,0,0,0
2025-12-12 19:22:09,49.93,4.34,32.21,1,1,0,0,0,0
2025-12-12 19:22:14,49.93,4.34,32.21,1,1,0,0,0,0
2025-12-12 19:22:19,49.93,4.34,32.21,1,1,0,0,0,0
2025-12-12 19:22:24,49.93,4.34,32.21,1,1,0,0,0,0
2025-12-12 19:22:29,49.93,4.34,32.21,1,1,0,0,0,0
2025-12-12 19:22:34,49.93,4.34,32.21,1,1,0,0,0,0
2025-12-12 19:22:39,49.93,4.34,32.21,1,1,0,0,0,0
2025-12-12 19:22:44,49.93,4.34,32.21,1,1,0,0,0,0
2025-12-12 19:22:49,49.93,4.34,32.21,1,1,0,0,0,0
2025-12-12 19:22:54,49.93,4.34,32.21,1,1,0,0,0,0
2025-12-12 19:22:59,49.93,4.34,32.21,1,1,0,0,0,0
2025-12-12 19:23:04,50.07,4.34,32.21,1,1,0,0,0,1
2025-12-12 19:23:09,50.07,4.34,32.21,1,1,0,0,0,1
2025-12-12 19:23:14,50.07,4.34,32.21,1,1,0,0,0,1
2025-12-12 19:23:19,50.07,4.34,32.21,1,1,0,0,0,1
2025-12-12 19:23:24,50.07,4.34,32.21,1,1,0,0,0,1
2025-12-12 19:23:29,50.07,4.34,32.21,1,1,0,0,0,1
2025-12-12 19:23:34,50.07,4.34,32.21,1,1,0,0,0,1
2025-12-12 19:23:39,50.07,4.34,32.21,1,1,0,0,0,1
2025-12-12 19:23:44,50.07,4.34,32.21,1,1,0,0,0,1
2025-12-12 19:23:49,50.07,4.34,32.21,1,1,0,0,0,1
2025-12-12 19:23:54,50.07,4.34,32.21,1,1,0,0,0,1
2025-12-12 19:23:59,50.07,4.34,32.21,1,1,0,0,0,1
2025-12-12 19:24:04,49.83,4.37,32.2,1,1,0,0,0,0
2025-12-12 19:24:09,49.83,4.37,32.2,1,1,0,0,0,0
2025-12-12 19:24:14,49.83,4.37,32.2,1,1,0,0,0,0
2025-12-12 19:24:19,49.83,4.37,32.2,1,1,0,0,0,0
2025-12-12 19:24:24,49.83,4.37,32.2,1,1,0,0,0,0
2025-12-12 19:24:29,49.83,4.37,32.2,1,1,0,0,0,0
2025-12-12 19:24:34,49.83,4.37,32.2,1,1,0,0,0,0
2025-12-12 19:24:39,49.83,4.37,32.2,1,1,0,0,0,0
2025-12-12 19:24:44,49.83,4.37,32.2,1,1,0,0,0,0
2025-12-12 19:24:49,49.83,4.37,32.2,1,1,0,0,0,0
2025-12-12 19:24:54,49.83,4.37,32.2,1,1,0,0,0,0
2025-12-12 19:24:59,49.83,4.37,32.2,1,1,0,0,0,0
2025-12-12 19:25:04,49.89,4.37,32.18,1,1,0,0,0,0
2025-12-12 19:25:09,49.89,4.61,32.18,1,1,0,0,0,0
2025-12-12 19:25:14,49.89,4.61,32.18,1,1,0,0,0,0
2025-12-12 19:25:20,49.89,4.61,32.18,1,1,0,0,0,0
2025-12-12 19:25:24,49.89,4.61,32.18,1,1,0,0,0,0
2025-12-12 19:25:29,49.89,4.61,32.18,1,1,0,0,0,0
2025-12-12 19:25:34,49.89,4.61,32.18,1,1,0,0,0,0
2025-12-12 19:25:39,49.89,4.61,32.18,1,1,0,0,0,0
2025-12-12 19:25:44,49.89,4.61,32.18,1,1,0,0,0,0
2025-12-12 19:25:50,49.89,4.61,32.18,1,1,0,0,0,0
2025-12-12 19:25:54,49.89,4.61,32.18,1,1,0,0,0,0
2025-12-12 19:25:59,49.89,4.61,32.18,1,1,0,0,0,0
2025-12-12 19:26:04,49.89,4.61,32.18,1,1,0,0,0,0
2025-12-12 19:26:09,50.03,4.56,32.16,1,1,0,0,0,1
2025-12-12 19:26:14,50.03,4.56,32.16,1,1,0,0,0,1
2025-12-12 19:26:19,50.03,4.56,32.16,1,1,0,0,0,1
2025-12-12 19:26:24,50.03,4.56,32.16,1,1,0,0,0,1
2025-12-12 19:26:29,50.03,4.56,32.16,1,1,0,0,0,1
2025-12-12 19:26:34,50.03,4.56,32.16,1,1,0,0,0,1
2025-12-12 19:26:39,50.03,4.56,32.16,1,1,0,0,0,1
2025-12-12 19:26:44,50.03,4.56,32.16,1,1,0,0,0,1
2025-12-12 19:26:50,50.03,4.56,32.16,1,1,0,0,0,1
2025-12-12 19:26:54,50.03,4.56,32.16,1,1,0,0,0,1
2025-12-12 19:26:59,50.03,4.56,32.16,1,1,0,0,0,1
2025-12-12 19:27:04,50.03,4.56,32.16,1,1,0,0,0,1
2025-12-12 19:27:09,50.19,4.34,32.14,1,1,0,0,0,0
2025-12-12 19:27:14,50.19,4.34,32.14,1,1,0,0,0,0
2025-12-12 19:27:19,50.19,4.34,32.14,1,1,0,0,0,0
2025-12-12 19:27:24,50.19,4.34,32.14,1,1,0,0,0,0
2025-12-12 19:27:29,50.19,4.34,32.14,1,1,0,0,0,0
2025-12-12 19:27:34,50.19,4.34,32.14,1,1,0,0,0,0
2025-12-12 19:27:39,50.19,4.34,32.14,1,1,0,0,0,0
2025-12-12 19:27:44,50.19,4.34,32.14,1,1,0,0,0,0
2025-12-12 19:27:49,50.19,4.34,32.14,1,1,0,0,0,0
2025-12-12 19:27:54,50.19,4.34,32.14,1,1,0,0,0,0
2025-12-12 19:28:00,50.19,4.34,32.14,1,1,0,0,0,0
2025-12-12 19:28:04,50.19,4.34,32.14,1,1,0,0,0,0
2025-12-12 19:28:09,50.19,4.34,32.14,1,1,0,0,0,0
2025-12-12 19:28:14,50.31,4.46,32.08,1,1,0,0,0,0
2025-12-12 19:28:19,50.31,4.46,32.08,1,1,0,0,0,0
2025-12-12 19:28:24,50.31,4.46,32.08,1,1,0,0,0,0
2025-12-12 19:28:29,50.31,4.46,32.08,1,1,0,0,0,0
2025-12-12 19:28:34,50.31,4.46,32.08,1,1,0,0,0,0
2025-12-12 19:28:39,50.31,4.46,32.08,1,1,0,0,0,0
2025-12-12 19:28:44,50.31,4.46,32.08,1,1,0,0,0,0
2025-12-12 19:28:49,50.31,4.46,32.08,1,1,0,0,0,0
2025-12-12 19:28:54,50.31,4.46,32.08,1,1,0,0,0,0
2025-12-12 19:28:59,50.31,4.46,32.08,1,1,0,0,0,0
2025-12-12 19:29:04,50.31,4.46,32.08,1,1,0,0,0,0
2025-12-12 19:29:09,50.31,4.46,32.08,1,1,0,0,0,0
2025-12-12 19:29:14,49.82,4.56,32.16,1,1,0,0,0,1
2025-12-12 19:29:19,49.82,4.56,32.16,1,1,0,0,0,1
2025-12-12 19:29:24,49.82,4.56,32.16,1,1,0,0,0,1
2025-12-12 19:29:29,49.82,4.56,32.16,1,1,0,0,0,1
2025-12-12 19:29:34,49.82,4.56,32.16,1,1,0,0,0,1
2025-12-12 19:29:39,49.82,4.56,32.16,1,1,0,0,0,1
2025-12-12 19:29:44,49.82,4.56,32.16,1,1,0,0,0,1
2025-12-12 19:29:49,49.82,4.56,32.16,1,1,0,0,0,1
2025-12-12 19:29:54,49.82,4.56,32.16,1,1,0,0,0,1
2025-12-12 19:29:59,49.82,4.56,32.16,1,1,0,0,0,1
2025-12-12 19:30:04,49.82,4.56,32.16,1,1,0,0,0,1
2025-12-12 19:30:09,49.82,4.56,32.16,1,1,0,0,0,1
2025-12-12 19:30:14,49.82,4.56,32.16,1,1,0,0,0,1
2025-12-12 19:30:19,49.82,4.56,32.16,1,1,0,0,0,1
2025-12-12 19:30:25,49.82,4.56,32.16,1,1,0,0,0,1
2025-12-12 19:30:29,49.82,4.56,32.16,1,1,0,0,0,1
2025-12-12 19:30:35,50.33,4.44,32.16,1,1,0,0,0,0
2025-12-12 19:30:39,50.33,4.44,32.16,1,1,0,0,0,0
2025-12-12 19:30:44,50.33,4.44,32.16,1,1,0,0,0,0
2025-12-12 19:30:50,50.33,4.44,32.16,1,1,0,0,0,0
2025-12-12 20:34:09,53.14,4.56,31.58,1,1,0,0,0,0
2025-12-12 20:34:14,53.14,4.56,31.58,1,1,0,0,0,0
2025-12-12 20:34:19,53.14,4.56,31.58,1,1,0,0,0,0
2025-12-12 20:34:24,53.14,4.56,31.58,1,1,0,0,0,0
2025-12-12 20:34:29,53.14,4.56,31.58,1,1,0,0,0,0
2025-12-12 20:34:34,53.14,4.56,31.58,1,1,0,0,0,0
2025-12-12 20:34:39,53.14,4.56,31.58,1,1,0,0,0,0
2025-12-12 20:34:44,53.14,4.56,31.58,1,1,0,0,0,0
2025-12-12 20:34:49,53.14,4.56,31.58,1,1,0,0,0,0
2025-12-12 20:34:54,52.96,4.34,31.64,1,1,0,0,0,0
2025-12-12 20:34:59,52.96,4.34,31.64,1,1,0,0,0,1
2025-12-12 20:35:04,52.96,4.34,31.64,1,1,0,0,0,1
2025-12-12 20:35:09,52.96,4.34,31.64,1,1,0,0,0,1
2025-12-12 20:35:14,52.96,4.34,31.64,1,1,0,0,0,1
2025-12-12 20:35:19,52.96,4.34,31.64,1,1,0,0,0,1
2025-12-12 20:35:25,52.96,4.34,31.64,1,1,0,0,0,1
2025-12-12 20:35:29,52.96,4.34,31.64,1,1,0,0,0,1
2025-12-12 20:35:34,52.96,4.34,31.64,1,1,0,0,0,1
2025-12-12 20:35:39,52.96,4.34,31.64,1,1,0,0,0,1
2025-12-12 20:35:44,52.96,4.34,31.64,1,1,0,0,0,1
2025-12-12 20:35:50,52.96,4.34,31.64,1,1,0,0,0,1
2025-12-12 20:35:54,52.96,4.34,31.64,1,1,0,0,0,1
2025-12-12 20:35:59,53.21,4.39,31.64,1,1,0,0,0,0
2025-12-12 20:36:05,53.21,4.39,31.64,1,1,0,0,0,0
2025-12-12 20:36:09,53.21,4.39,31.64,1,1,0,0,0,0
2025-12-12 20:36:15,53.21,4.39,31.64,1,1,0,0,0,0
2025-12-12 20:36:20,53.21,4.39,31.64,1,1,0,0,0,0
2025-12-12 20:36:25,53.21,4.39,31.64,1,1,0,0,0,0
2025-12-12 20:36:30,53.21,4.39,31.64,1,1,0,0,0,0
2025-12-12 20:36:35,53.21,4.39,31.64,1,1,0,0,0,0
2025-12-12 20:36:40,53.21,4.39,31.64,1,1,0,0,0,0
2025-12-12 20:36:45,53.21,4.39,31.64,1,1,0,0,0,0
2025-12-12 20:36:50,53.21,4.39,31.64,1,1,0,0,0,0
2025-12-12 20:36:55,53.21,4.39,31.64,1,1,0,0,0,0
2025-12-12 20:37:00,52.89,4.56,31.6,1,1,0,0,0,0
2025-12-12 20:37:05,52.89,4.56,31.6,1,1,0,0,0,0
2025-12-12 20:37:10,52.89,4.56,31.6,1,1,0,0,0,0
2025-12-12 20:37:15,52.89,4.56,31.6,1,1,0,0,0,0
2025-12-12 20:37:20,52.89,4.56,31.6,1,1,0,0,0,0
2025-12-12 20:37:25,52.89,4.56,31.6,1,1,0,0,0,0
2025-12-12 20:37:30,52.89,4.56,31.6,1,1,0,0,0,0
2025-12-12 20:37:35,52.89,4.56,31.6,1,1,0,0,0,0
2025-12-12 20:37:40,52.89,4.56,31.6,1,1,0,0,0,0
2025-12-12 20:37:45,52.89,4.56,31.6,1,1,0,0,0,0
2025-12-12 20:37:50,52.89,4.56,31.6,1,1,0,0,0,0
2025-12-12 20:37:55,52.89,4.56,31.6,1,1,0,0,0,0
2025-12-12 20:38:00,52.89,4.56,31.6,1,1,0,0,0,0
2025-12-12 20:38:05,54.63,4.66,31.64,1,1,0,0,0,0
2025-12-12 20:38:10,54.63,4.66,31.64,1,1,0,0,0,0
2025-12-12 20:38:15,54.63,4.66,31.64,1,1,0,0,0,0
2025-12-12 20:38:20,54.63,4.66,31.64,1,1,0,0,0,0
2025-12-12 20:38:25,54.63,4.66,31.64,1,1,0,0,0,0
2025-12-12 20:38:31,54.63,4.66,31.64,1,1,0,0,0,0
2025-12-12 20:38:35,54.63,4.66,31.64,1,1,0,0,0,0
2025-12-12 20:38:40,54.63,4.66,31.64,1,1,0,0,0,0
2025-12-12 20:38:45,54.63,4.66,31.64,1,1,0,0,0,0
2025-12-12 20:38:50,54.63,4.66,31.64,1,1,0,0,0,0
2025-12-12 20:38:55,54.63,4.66,31.64,1,1,0,0,0,0
2025-12-12 20:39:00,54.63,4.66,31.64,1,1,0,0,0,0
2025-12-12 20:39:05,53.32,4.37,31.66,1,1,0,0,0,0
2025-12-12 20:39:10,53.32,4.37,31.66,1,1,0,0,0,0
2025-12-12 20:39:15,53.32,4.37,31.66,1,1,0,0,0,0
2025-12-12 20:39:20,53.32,4.37,31.66,1,1,0,0,0,0
2025-12-12 20:39:25,53.32,4.37,31.66,1,1,0,0,0,0
2025-12-12 20:39:30,53.32,4.37,31.66,1,1,0,0,0,0
2025-12-12 20:39:35,53.32,4.37,31.66,1,1,0,0,0,0
2025-12-12 20:39:40,53.32,4.37,31.66,1,1,0,0,0,0
2025-12-12 20:39:45,53.32,4.37,31.66,1,1,0,0,0,0
2025-12-12 20:39:50,53.32,4.37,31.66,1,1,0,0,0,0
2025-12-12 20:39:55,53.32,4.37,31.66,1,1,0,0,0,0
2025-12-12 20:40:00,53.32,4.37,31.66,1,1,0,0,0,0
2025-12-12 20:40:05,53.32,4.37,31.66,1,1,0,0,0,0
2025-12-12 20:40:10,53.18,4.59,31.68,1,1,0,0,0,0
2025-12-12 20:40:15,53.18,4.59,31.68,1,1,0,0,0,0
2025-12-12 20:40:20,53.18,4.59,31.68,1,1,0,0,0,0
2025-12-12 20:40:25,53.18,4.59,31.68,1,1,0,0,0,0
2025-12-12 20:40:30,53.18,4.59,31.68,1,1,0,0,0,0
2025-12-12 20:40:35,53.18,4.59,31.68,1,1,0,0,0,0
2025-12-12 20:40:40,53.18,4.59,31.68,1,1,0,0,0,0
2025-12-12 20:40:45,53.18,4.59,31.68,1,1,0,0,0,0
2025-12-12 20:40:50,53.18,4.59,31.68,1,1,0,0,0,0
2025-12-12 20:40:55,53.18,4.59,31.68,1,1,0,0,0,0
2025-12-12 20:41:00,53.18,4.59,31.68,1,1,0,0,0,0
2025-12-12 20:41:05,53.18,4.59,31.68,1,1,0,0,0,0
2025-12-12 20:41:10,53.36,4.63,31.63,1,1,0,0,0,0
2025-12-12 20:41:15,53.36,4.63,31.63,1,1,0,0,0,0
2025-12-12 20:41:20,53.36,4.63,31.63,1,1,0,0,0,0
2025-12-12 20:41:25,53.36,4.63,31.63,1,1,0,0,0,0
2025-12-12 20:41:30,53.36,4.63,31.63,1,1,0,0,0,0
2025-12-12 20:41:35,53.36,4.63,31.63,1,1,0,0,0,0
2025-12-12 20:41:40,53.36,4.63,31.63,1,1,0,0,0,0
2025-12-12 20:41:45,53.36,4.63,31.63,1,1,0,0,0,0
2025-12-12 20:41:50,53.36,4.63,31.63,1,1,0,0,0,0
2025-12-12 20:41:55,53.36,4.63,31.63,1,1,0,0,0,0
2025-12-12 20:42:00,53.36,4.63,31.63,1,1,0,0,0,0
2025-12-12 20:42:05,53.36,4.63,31.63,1,1,0,0,0,0
2025-12-12 20:42:10,53.36,4.63,31.63,1,1,0,0,0,0
2025-12-12 20:42:15,53.36,4.63,31.63,1,1,0,0,0,0
2025-12-12 20:42:20,53.36,4.63,31.59,1,1,0,0,0,0
2025-12-12 20:42:25,53.31,4.63,31.59,1,1,0,0,0,0
2025-12-12 20:42:30,53.31,4.63,31.59,1,1,0,0,0,0
2025-12-12 20:42:35,53.31,4.63,31.59,1,1,0,0,0,0
2025-12-12 20:42:40,53.31,4.63,31.59,1,1,0,0,0,0
2025-12-12 20:42:45,53.31,4.63,31.59,1,1,0,0,0,0
2025-12-12 20:42:50,53.31,4.63,31.59,1,1,0,0,0,0
2025-12-12 20:42:55,53.31,4.63,31.59,1,1,0,0,0,0
2025-12-12 20:43:00,53.31,4.63,31.59,1,1,0,0,0,0
2025-12-12 20:43:05,53.31,4.63,31.59,1,1,0,0,0,0
2025-12-12 20:43:10,53.31,4.63,31.59,1,1,0,0,0,0
2025-12-12 20:43:15,53.31,4.63,31.59,1,1,0,0,0,0
2025-12-12 20:43:20,53.31,4.63,31.59,1,1,0,0,0,0
2025-12-12 20:43:25,53.68,4.39,31.56,1,1,0,0,0,1
2025-12-12 20:43:30,53.68,4.39,31.56,1,1,0,0,0,1
2025-12-12 20:43:35,53.68,4.39,31.56,1,1,0,0,0,1
2025-12-12 20:43:40,53.68,4.39,31.56,1,1,0,0,0,1
2025-12-12 20:43:45,53.68,4.39,31.56,1,1,0,0,0,1
2025-12-12 20:43:50,53.68,4.39,31.56,1,1,0,0,0,1
2025-12-12 20:43:55,53.68,4.39,31.56,1,1,0,0,0,1
2025-12-12 20:44:00,53.68,4.39,31.56,1,1,0,0,0,1
2025-12-12 20:44:05,53.68,4.39,31.56,1,1,0,0,0,1
2025-12-12 20:44:10,53.68,4.39,31.56,1,1,0,0,0,1
2025-12-12 20:44:15,53.68,4.39,31.56,1,1,0,0,0,1
2025-12-12 20:44:20,53.68,4.39,31.56,1,1,0,0,0,1
2025-12-12 20:44:25,53.61,4.61,31.53,1,1,0,0,0,1
2025-12-12 20:44:30,53.61,4.61,31.53,1,1,0,0,0,0
2025-12-12 20:44:35,53.61,4.61,31.53,1,1,0,0,0,0
2025-12-12 20:44:40,53.61,4.61,31.53,1,1,0,0,0,0
2025-12-12 20:44:45,53.61,4.61,31.53,1,1,0,0,0,0
2025-12-12 20:44:50,53.61,4.61,31.53,1,1,0,0,0,0
2025-12-12 20:44:55,53.61,4.61,31.53,1,1,0,0,0,0
2025-12-12 20:45:00,53.61,4.61,31.53,1,1,0,0,0,0
2025-12-12 20:45:05,53.61,4.61,31.53,1,1,0,0,0,0
2025-12-12 20:45:10,53.61,4.61,31.53,1,1,0,0,0,0
2025-12-12 20:45:15,53.61,4.61,31.53,1,1,0,0,0,0
2025-12-12 20:45:20,53.61,4.61,31.53,1,1,0,0,0,0
2025-12-12 20:45:25,53.61,4.61,31.53,1,1,0,0,0,0
2025-12-12 20:45:30,53.71,4.46,31.51,1,1,0,0,0,0
2025-12-12 20:45:35,53.71,4.46,31.51,1,1,0,0,0,0
2025-12-12 20:45:40,53.71,4.46,31.51,1,1,0,0,0,0
2025-12-12 20:45:45,53.71,4.46,31.51,1,1,0,0,0,0
2025-12-12 20:45:50,53.71,4.46,31.51,1,1,0,0,0,0
2025-12-12 20:45:55,53.71,4.46,31.51,1,1,0,0,0,0
2025-12-12 20:46:00,53.71,4.46,31.51,1,1,0,0,0,0
2025-12-12 20:46:05,53.71,4.46,31.51,1,1,0,0,0,0
2025-12-12 20:46:10,53.71,4.46,31.51,1,1,0,0,0,0
2025-12-12 20:46:15,53.71,4.46,31.51,1,1,0,0,0,0
2025-12-12 20:46:20,53.71,4.46,31.51,1,1,0,0,0,0
2025-12-12 20:46:25,53.71,4.46,31.51,1,1,0,0,0,0
2025-12-12 20:46:30,53.63,4.63,31.53,1,1,0,0,0,1
2025-12-12 20:46:35,53.63,4.63,31.53,1,1,0,0,0,1
2025-12-12 20:46:40,53.63,4.63,31.53,1,1,0,0,0,1
2025-12-12 20:46:45,53.63,4.63,31.53,1,1,0,0,0,1
2025-12-12 20:46:50,53.63,4.63,31.53,1,1,0,0,0,1
2025-12-12 20:46:55,53.63,4.63,31.53,1,1,0,0,0,1
2025-12-12 20:47:00,53.63,4.63,31.53,1,1,0,0,0,1
2025-12-12 20:47:05,53.63,4.63,31.53,1,1,0,0,0,1
2025-12-12 20:47:10,53.63,4.63,31.53,1,1,0,0,0,1
2025-12-12 20:47:15,53.63,4.63,31.53,1,1,0,0,0,1
2025-12-12 20:47:20,53.63,4.63,31.53,1,1,0,0,0,1
2025-12-12 20:47:25,53.63,4.63,31.53,1,1,0,0,0,1
2025-12-12 20:47:30,53.63,4.63,31.53,1,1,0,0,0,1
2025-12-12 20:47:35,53.63,4.63,31.53,1,1,0,0,0,1
2025-12-12 20:47:40,53.63,4.63,31.53,1,1,0,0,0,1
2025-12-12 20:47:45,53.63,4.63,31.53,1,1,0,0,0,1
2025-12-12 20:47:50,53.74,4.34,31.49,1,1,0,0,0,0
2025-12-12 20:47:55,53.74,4.34,31.49,1,1,0,0,0,0
2025-12-12 20:48:00,53.74,4.34,31.49,1,1,0,0,0,0
2025-12-12 20:48:05,53.74,4.34,31.49,1,1,0,0,0,0
2025-12-12 20:48:10,53.74,4.34,31.49,1,1,0,0,0,0
2025-12-12 20:48:15,53.74,4.34,31.49,1,1,0,0,0,0
2025-12-12 20:48:20,53.74,4.34,31.49,1,1,0,0,0,0
2025-12-12 20:48:25,53.74,4.34,31.49,1,1,0,0,0,0
2025-12-12 20:48:30,53.74,4.34,31.49,1,1,0,0,0,0
2025-12-12 20:48:35,53.74,4.34,31.49,1,1,0,0,0,0
2025-12-12 20:48:40,53.74,4.34,31.49,1,1,0,0,0,0
2025-12-12 20:48:45,53.74,4.34,31.49,1,1,0,0,0,0
2025-12-12 20:48:50,53.74,4.34,31.49,1,1,0,0,0,0
2025-12-12 20:48:55,53.85,4.39,31.44,1,1,0,0,0,1
2025-12-12 20:49:00,53.85,4.39,31.44,1,1,0,0,0,1
2025-12-12 20:49:05,53.85,4.39,31.44,1,1,0,0,0,1
2025-12-12 20:49:10,53.85,4.39,31.44,1,1,0,0,0,1
2025-12-12 20:49:15,53.85,4.39,31.44,1,1,0,0,0,1
2025-12-12 20:49:20,53.85,4.39,31.44,1,1,0,0,0,1
2025-12-12 20:49:25,53.85,4.39,31.44,1,1,0,0,0,1
2025-12-12 20:49:30,53.85,4.39,31.44,1,1,0,0,0,1
2025-12-12 20:49:35,53.85,4.39,31.44,1,1,0,0,0,1
2025-12-12 20:49:40,53.85,4.39,31.44,1,1,0,0,0,1
2025-12-12 20:49:45,53.85,4.39,31.44,1,1,0,0,0,1
2025-12-12 20:49:50,53.85,4.39,31.44,1,1,0,0,0,1
2025-12-12 20:49:55,54.1,4.54,31.45,1,1,0,0,0,0
2025-12-12 20:50:01,54.1,4.54,31.45,1,1,0,0,0,0
2025-12-12 20:50:05,54.1,4.54,31.45,1,1,0,0,0,0
2025-12-12 20:50:10,54.1,4.54,31.45,1,1,0,0,0,0
2025-12-12 20:50:15,54.1,4.54,31.45,1,1,0,0,0,0
2025-12-12 20:50:20,54.1,4.54,31.45,1,1,0,0,0,0
2025-12-12 20:50:25,54.1,4.54,31.45,1,1,0,0,0,0
2025-12-12 20:50:30,54.1,4.54,31.45,1,1,0,0,0,0
2025-12-12 20:50:35,54.1,4.54,31.45,1,1,0,0,0,0
2025-12-12 20:50:40,54.1,4.54,31.45,1,1,0,0,0,0
2025-12-12 20:50:45,54.1,4.54,31.45,1,1,0,0,0,0
2025-12-12 20:50:50,54.1,4.54,31.45,1,1,0,0,0,0
2025-12-12 20:50:55,54.27,4.34,31.49,1,1,0,0,0,0
2025-12-12 20:51:00,54.27,4.34,31.49,1,1,0,0,0,0
2025-12-12 20:51:05,54.27,4.34,31.49,1,1,0,0,0,0
2025-12-12 20:51:10,54.27,4.34,31.49,1,1,0,0,0,0
2025-12-12 20:51:15,54.27,4.34,31.49,1,1,0,0,0,0
2025-12-12 20:51:20,54.27,4.34,31.49,1,1,0,0,0,0
2025-12-12 20:51:25,54.27,4.34,31.49,1,1,0,0,0,0
2025-12-12 20:51:30,54.27,4.34,31.49,1,1,0,0,0,0
2025-12-12 20:51:35,54.27,4.34,31.49,1,1,0,0,0,0
2025-12-12 20:51:40,54.27,4.34,31.49,1,1,0,0,0,0
2025-12-12 20:51:45,54.27,4.34,31.49,1,1,0,0,0,0
2025-12-12 20:51:50,54.27,4.34,31.49,1,1,0,0,0,0
2025-12-12 20:51:55,54.27,4.34,31.49,1,1,0,0,0,0
2025-12-12 20:52:00,54.27,4.34,31.49,1,1,0,0,0,0
2025-12-12 20:52:05,54.27,4.34,31.49,1,1,0,0,0,0
2025-12-12 20:52:10,54.27,4.34,31.49,1,1,0,0,0,0
2025-12-12 20:52:15,54.27,4.34,31.49,1,1,0,0,0,0
2025-12-12 20:52:20,54.27,4.34,31.49,1,1,0,0,0,0
2025-12-12 20:52:25,54.27,4.34,31.49,1,1,0,0,0,0
2025-12-12 20:52:30,54.01,4.34,31.46,1,1,0,0,0,0
2025-12-12 20:52:35,54.01,4.34,31.46,1,1,0,0,0,0
2025-12-12 20:52:40,54.01,4.34,31.46,1,1,0,0,0,0
2025-12-12 20:52:45,54.01,4.34,31.46,1,1,0,0,0,0
2025-12-12 20:52:50,54.01,4.34,31.46,1,1,0,0,0,0
2025-12-12 20:52:55,54.01,4.34,31.46,1,1,0,0,0,0
2025-12-12 20:53:00,54.01,4.34,31.46,1,1,0,0,0,0
2025-12-12 20:53:05,54.01,4.34,31.46,1,1,0,0,0,0
2025-12-12 20:53:10,54.01,4.34,31.46,1,1,0,0,0,0
2025-12-12 20:53:15,54.01,4.34,31.46,1,1,0,0,0,0
2025-12-12 20:53:20,54.01,4.34,31.46,1,1,0,0,0,0
2025-12-12 20:53:25,54.01,4.34,31.46,1,1,0,0,0,0
2025-12-12 20:53:30,54.87,4.54,31.48,1,1,0,0,0,1
2025-12-12 20:53:35,54.87,4.54,31.48,1,1,0,0,0,1
2025-12-12 20:53:40,54.87,4.54,31.48,1,1,0,0,0,1
2025-12-12 20:53:45,54.87,4.54,31.48,1,1,0,0,0,1
2025-12-12 20:53:50,54.87,4.54,31.48,1,1,0,0,0,1
2025-12-12 20:53:55,54.87,4.54,31.48,1,1,0,0,0,1
2025-12-12 20:54:00,54.87,4.54,31.48,1,1,0,0,0,1
2025-12-12 20:54:05,54.87,4.54,31.48,1,1,0,0,0,1
2025-12-12 20:54:10,54.87,4.54,31.48,1,1,0,0,0,1
2025-12-12 20:54:15,54.87,4.54,31.48,1,1,0,0,0,1
2025-12-12 20:54:20,54.87,4.54,31.48,1,1,0,0,0,1
2025-12-12 20:54:25,54.87,4.54,31.48,1,1,0,0,0,1
2025-12-12 20:54:30,54.75,4.37,31.5,1,1,0,0,0,1
2025-12-12 20:54:35,54.75,4.37,31.5,1,1,0,0,0,0
2025-12-12 20:54:40,54.75,4.37,31.5,1,1,0,0,0,0
2025-12-12 20:54:45,54.75,4.37,31.5,1,1,0,0,0,0
2025-12-12 20:54:50,54.75,4.37,31.5,1,1,0,0,0,0
2025-12-12 20:54:55,54.75,4.37,31.5,1,1,0,0,0,0
2025-12-12 20:55:00,54.75,4.37,31.5,1,1,0,0,0,0
2025-12-12 20:55:05,54.75,4.37,31.5,1,1,0,0,0,0
2025-12-12 20:55:10,54.75,4.37,31.5,1,1,0,0,0,0
2025-12-12 20:55:15,54.75,4.37,31.5,1,1,0,0,0,0
2025-12-12 20:55:20,54.75,4.37,31.5,1,1,0,0,0,0
2025-12-12 20:55:25,54.75,4.37,31.5,1,1,0,0,0,0
2025-12-12 20:55:30,54.75,4.37,31.5,1,1,0,0,0,0
2025-12-12 20:55:35,53.91,4.42,31.49,1,1,0,0,0,0
2025-12-12 20:55:40,53.91,4.42,31.49,1,1,0,0,0,0
2025-12-12 20:55:45,53.91,4.42,31.49,1,1,0,0,0,0
2025-12-12 20:55:50,53.91,4.42,31.49,1,1,0,0,0,0
2025-12-12 20:55:55,53.91,4.42,31.49,1,1,0,0,0,0
2025-12-12 20:56:00,53.91,4.42,31.49,1,1,0,0,0,0
2025-12-12 20:56:05,53.91,4.42,31.49,1,1,0,0,0,0
2025-12-12 20:56:10,53.91,4.42,31.49,1,1,0,0,0,0
2025-12-12 20:56:16,53.91,4.42,31.49,1,1,0,0,0,0
2025-12-12 20:56:20,53.91,4.42,31.49,1,1,0,0,0,0
2025-12-12 20:56:25,53.91,4.42,31.49,1,1,0,0,0,0
2025-12-12 20:56:30,53.91,4.42,31.49,1,1,0,0,0,0
2025-12-12 20:56:35,54.08,4.34,31.52,1,1,0,0,0,1
2025-12-12 20:56:40,54.08,4.34,31.52,1,1,0,0,0,1
2025-12-12 20:56:45,54.08,4.34,31.52,1,1,0,0,0,1
2025-12-12 20:56:50,54.08,4.34,31.52,1,1,0,0,0,1
2025-12-12 20:56:55,54.08,4.34,31.52,1,1,0,0,0,1
2025-12-12 20:57:00,54.08,4.34,31.52,1,1,0,0,0,1
2025-12-12 20:57:05,54.08,4.34,31.52,1,1,0,0,0,1
2025-12-12 20:57:10,54.08,4.34,31.52,1,1,0,0,0,1
2025-12-12 20:57:15,54.08,4.34,31.52,1,1,0,0,0,1
2025-12-12 20:57:20,54.08,4.34,31.52,1,1,0,0,0,1
2025-12-12 20:57:25,54.08,4.34,31.52,1,1,0,0,0,1
2025-12-12 20:57:30,54.08,4.34,31.52,1,1,0,0,0,1
2025-12-12 20:57:35,54.08,4.34,31.52,1,1,0,0,0,1
2025-12-12 20:57:40,53.6,4.54,31.55,1,1,0,0,0,0
2025-12-12 20:57:45,53.6,4.54,31.55,1,1,0,0,0,0
2025-12-12 20:57:50,53.6,4.54,31.55,1,1,0,0,0,0
2025-12-12 20:57:55,53.6,4.54,31.55,1,1,0,0,0,0
2025-12-12 20:58:00,53.6,4.54,31.55,1,1,0,0,0,0
2025-12-12 20:58:05,53.6,4.54,31.55,1,1,0,0,0,0
2025-12-12 20:58:10,53.6,4.54,31.55,1,1,0,0,0,0
2025-12-12 20:58:15,53.6,4.54,31.55,1,1,0,0,0,0
2025-12-12 20:58:20,53.6,4.54,31.55,1,1,0,0,0,0
2025-12-12 20:58:25,53.6,4.54,31.55,1,1,0,0,0,0
2025-12-12 20:58:30,53.6,4.54,31.55,1,1,0,0,0,0
2025-12-12 20:58:35,53.6,4.54,31.55,1,1,0,0,0,0
2025-12-12 20:58:40,53.58,4.42,31.58,1,1,0,0,0,0
2025-12-12 20:58:45,53.58,4.42,31.58,1,1,0,0,0,0
2025-12-12 20:58:50,53.58,4.42,31.58,1,1,0,0,0,0
2025-12-12 20:58:55,53.58,4.42,31.58,1,1,0,0,0,0
2025-12-12 20:59:00,53.58,4.42,31.58,1,1,0,0,0,0
2025-12-12 20:59:05,53.58,4.42,31.58,1,1,0,0,0,0
2025-12-12 20:59:10,53.58,4.42,31.58,1,1,0,0,0,0
2025-12-12 20:59:15,53.58,4.42,31.58,1,1,0,0,0,0
2025-12-12 20:59:20,53.58,4.42,31.58,1,1,0,0,0,0
2025-12-12 20:59:25,53.58,4.42,31.58,1,1,0,0,0,0
2025-12-12 20:59:30,53.58,4.42,31.58,1,1,0,0,0,0
2025-12-12 20:59:35,53.58,4.42,31.58,1,1,0,0,0,0
2025-12-12 20:59:40,53.58,4.42,31.58,1,1,0,0,0,0
2025-12-12 20:59:45,53.63,4.39,31.58,1,1,0,0,0,1
2025-12-12 20:59:50,53.63,4.39,31.58,1,1,0,0,0,1
2025-12-12 20:59:55,53.63,4.39,31.58,1,1,0,0,0,1
2025-12-12 21:00:00,53.63,4.39,31.58,1,1,0,0,0,1
2025-12-12 21:00:05,53.63,4.39,31.58,1,1,0,0,0,1
2025-12-12 21:00:10,53.63,4.39,31.58,1,1,0,0,0,1
2025-12-12 21:00:15,53.63,4.39,31.58,1,1,0,0,0,1
2025-12-12 21:00:20,53.63,4.39,31.58,1,1,0,0,0,1
2025-12-12 21:00:25,53.63,4.39,31.58,1,1,0,0,0,1
2025-12-12 21:00:30,53.63,4.39,31.58,1,1,0,0,0,1
2025-12-12 21:00:35,53.63,4.39,31.58,1,1,0,0,0,1
2025-12-12 21:00:40,53.63,4.39,31.58,1,1,0,0,0,1
2025-12-12 21:00:45,53.48,4.63,31.58,1,1,0,0,0,0
2025-12-12 21:00:50,53.48,4.63,31.58,1,1,0,0,0,0
2025-12-12 21:00:55,53.48,4.63,31.58,1,1,0,0,0,0
2025-12-12 21:01:00,53.48,4.63,31.58,1,1,0,0,0,0
2025-12-12 21:01:05,53.48,4.63,31.58,1,1,0,0,0,0
2025-12-12 21:01:10,53.48,4.63,31.58,1,1,0,0,0,0
2025-12-12 21:01:15,53.48,4.63,31.58,1,1,0,0,0,0
2025-12-12 21:01:20,53.48,4.63,31.58,1,1,0,0,0,0
2025-12-12 21:01:25,53.48,4.63,31.58,1,1,0,0,0,0
2025-12-12 21:01:30,53.48,4.63,31.58,1,1,0,0,0,0
2025-12-12 21:01:35,53.48,4.63,31.58,1,1,0,0,0,0
2025-12-12 21:01:40,53.48,4.63,31.58,1,1,0,0,0,0
2025-12-12 21:01:45,54.31,4.39,31.6,1,1,0,0,0,0
2025-12-12 21:01:50,54.31,4.39,31.6,1,1,0,0,0,0
2025-12-12 21:01:55,54.31,4.39,31.6,1,1,0,0,0,0
2025-12-12 21:02:00,54.31,4.39,31.6,1,1,0,0,0,0
2025-12-12 21:02:05,54.31,4.39,31.6,1,1,0,0,0,0
2025-12-12 21:02:10,54.31,4.39,31.6,1,1,0,0,0,0
2025-12-12 21:02:15,54.31,4.39,31.6,1,1,0,0,0,0
2025-12-12 21:02:20,54.31,4.39,31.6,1,1,0,0,0,0
2025-12-12 21:02:25,54.31,4.39,31.6,1,1,0,0,0,0
2025-12-12 21:02:30,54.31,4.39,31.6,1,1,0,0,0,0
2025-12-12 21:02:35,54.31,4.39,31.6,1,1,0,0,0,0
2025-12-12 21:02:40,54.31,4.39,31.6,1,1,0,0,0,0
2025-12-12 21:02:45,54.31,4.39,31.6,1,1,0,0,0,0
2025-12-12 21:02:50,53.69,4.37,31.59,1,1,0,0,0,1
2025-12-12 21:02:55,53.69,4.37,31.59,1,1,0,0,0,1
2025-12-12 21:03:00,53.69,4.37,31.59,1,1,0,0,0,1
2025-12-12 21:03:06,53.69,4.37,31.59,1,1,0,0,0,1
2025-12-12 21:03:10,53.69,4.37,31.59,1,1,0,0,0,1
2025-12-12 21:03:16,53.69,4.37,31.59,1,1,0,0,0,1
2025-12-12 21:03:20,53.69,4.37,31.59,1,1,0,0,0,1
2025-12-12 21:03:25,53.69,4.37,31.59,1,1,0,0,0,1
2025-12-12 21:03:30,53.69,4.37,31.59,1,1,0,0,0,1
2025-12-12 21:03:35,53.69,4.37,31.59,1,1,0,0,0,1
2025-12-12 21:03:40,53.69,4.37,31.59,1,1,0,0,0,1
2025-12-12 21:03:45,53.69,4.37,31.59,1,1,0,0,0,1
2025-12-12 21:03:50,53.58,4.59,31.53,1,1,0,0,0,0
2025-12-12 21:03:55,53.58,4.59,31.53,1,1,0,0,0,0
2025-12-12 21:04:00,53.58,4.59,31.53,1,1,0,0,0,0
2025-12-12 21:04:05,53.58,4.59,31.53,1,1,0,0,0,0
2025-12-12 21:04:10,53.58,4.59,31.53,1,1,0,0,0,0
2025-12-12 21:04:15,53.58,4.59,31.53,1,1,0,0,0,0
2025-12-12 21:04:20,53.58,4.59,31.53,1,1,0,0,0,0
2025-12-12 21:04:25,53.58,4.59,31.53,1,1,0,0,0,0
2025-12-12 21:04:30,53.58,4.59,31.53,1,1,0,0,0,0
2025-12-12 21:04:35,53.58,4.59,31.53,1,1,0,0,0,0
2025-12-12 21:04:40,53.58,4.59,31.53,1,1,0,0,0,0
2025-12-12 21:04:45,53.58,4.59,31.53,1,1,0,0,0,0
2025-12-12 21:05:28,54.3,4.59,31.5,1,1,0,0,0,0
2025-12-12 21:05:33,54.3,4.59,31.5,1,1,0,0,0,0
2025-12-12 21:05:38,54.3,4.59,31.5,1,1,0,0,0,0
2025-12-12 21:05:43,54.3,4.59,31.5,1,1,0,0,0,0
2025-12-12 21:05:48,54.3,4.59,31.5,1,1,0,0,0,0
2025-12-12 21:05:53,54.3,4.59,31.5,1,1,0,0,0,0
2025-12-12 21:05:58,53.76,4.34,31.5,1,1,0,0,0,1
2025-12-12 21:06:03,53.76,4.34,31.5,1,1,0,0,0,1
2025-12-12 21:06:08,53.76,4.34,31.5,1,1,0,0,0,1
2025-12-12 21:06:13,53.76,4.34,31.5,1,1,0,0,0,1
2025-12-12 21:06:18,53.76,4.34,31.5,1,1,0,0,0,1
2025-12-12 21:06:23,53.76,4.34,31.5,1,1,0,0,0,1
2025-12-12 21:06:28,53.76,4.34,31.5,1,1,0,0,0,1
2025-12-12 21:06:33,53.76,4.34,31.5,1,1,0,0,0,1
2025-12-12 21:06:38,53.76,4.34,31.5,1,1,0,0,0,1
2025-12-12 21:06:43,53.76,4.34,31.5,1,1,0,0,0,1
2025-12-12 21:06:48,53.76,4.34,31.5,1,1,0,0,0,1
2025-12-12 21:06:53,53.76,4.34,31.5,1,1,0,0,0,1
2025-12-12 21:06:58,53.83,4.42,31.48,1,1,0,0,0,0
2025-12-12 21:07:03,53.83,4.42,31.48,1,1,0,0,0,0
2025-12-12 21:07:08,53.83,4.42,31.48,1,1,0,0,0,0
2025-12-12 21:07:13,53.83,4.42,31.48,1,1,0,0,0,0
2025-12-12 21:07:18,53.83,4.42,31.48,1,1,0,0,0,0
2025-12-12 21:07:23,53.83,4.42,31.48,1,1,0,0,0,0
2025-12-12 21:07:28,53.83,4.42,31.48,1,1,0,0,0,0
2025-12-12 21:07:33,53.83,4.42,31.48,1,1,0,0,0,0
2025-12-12 21:07:38,53.83,4.42,31.48,1,1,0,0,0,0
2025-12-12 21:07:43,53.83,4.42,31.48,1,1,0,0,0,0
2025-12-12 21:07:48,53.83,4.42,31.48,1,1,0,0,0,0
2025-12-12 21:07:53,53.83,4.42,31.48,1,1,0,0,0,0
2025-12-12 21:07:58,53.86,4.63,31.48,1,1,0,0,0,0
2025-12-12 21:08:03,53.86,4.63,31.48,1,1,0,0,0,0
2025-12-12 21:08:08,53.86,4.63,31.48,1,1,0,0,0,0
2025-12-12 21:08:13,53.86,4.63,31.48,1,1,0,0,0,0
2025-12-12 21:08:18,53.86,4.63,31.48,1,1,0,0,0,0
2025-12-12 21:08:23,53.86,4.63,31.48,1,1,0,0,0,0
2025-12-12 21:08:28,53.86,4.63,31.48,1,1,0,0,0,0
2025-12-12 21:08:33,53.86,4.63,31.48,1,1,0,0,0,0
2025-12-12 21:08:38,53.86,4.63,31.48,1,1,0,0,0,0
2025-12-12 21:08:43,53.86,4.63,31.48,1,1,0,0,0,0
2025-12-12 21:08:48,53.86,4.63,31.48,1,1,0,0,0,0
2025-12-12 21:08:53,53.86,4.63,31.48,1,1,0,0,0,0
2025-12-12 21:08:58,53.86,4.63,31.48,1,1,0,0,0,0
2025-12-12 21:09:03,53.58,4.56,31.52,1,1,0,0,0,0
2025-12-12 21:09:08,53.58,4.56,31.52,1,1,0,0,0,0
2025-12-12 21:09:13,53.58,4.56,31.52,1,1,0,0,0,0
2025-12-12 21:09:18,53.58,4.56,31.52,1,1,0,0,0,0
2025-12-12 21:09:23,53.58,4.56,31.52,1,1,0,0,0,0
2025-12-12 21:09:28,53.58,4.56,31.52,1,1,0,0,0,0
2025-12-12 21:09:33,53.58,4.56,31.52,1,1,0,0,0,0
2025-12-12 21:09:38,53.58,4.56,31.52,1,1,0,0,0,0
2025-12-12 21:09:43,53.58,4.56,31.52,1,1,0,0,0,0
2025-12-12 21:09:48,53.58,4.56,31.52,1,1,0,0,0,0
2025-12-12 21:09:53,53.58,4.56,31.52,1,1,0,0,0,0
2025-12-12 21:09:58,53.58,4.56,31.52,1,1,0,0,0,0
2025-12-12 21:10:03,53.86,4.46,31.5,1,1,0,0,0,0
2025-12-12 21:10:08,53.86,4.46,31.5,1,1,0,0,0,0
2025-12-12 21:10:13,53.86,4.46,31.5,1,1,0,0,0,0
2025-12-12 21:10:18,53.86,4.46,31.5,1,1,0,0,0,0
2025-12-12 21:10:23,53.86,4.46,31.5,1,1,0,0,0,0
2025-12-12 21:10:28,53.86,4.46,31.5,1,1,0,0,0,0
2025-12-12 21:10:52,53.86,4.46,31.5,1,1,0,0,0,0
2025-12-12 21:10:57,53.86,4.46,31.5,1,1,0,0,0,0
